Date,2025,2026,2027,2028,2029,2030,2032
2020-01-02,97.96499633789062,,,,,,
2020-01-03,98.06999969482422,,,,,,
2020-01-06,98.08999633789062,,,,,,
2020-01-07,98.07499694824219,,,,,,
2020-01-08,98.01499938964844,,,,,,
2020-01-09,98.04499816894531,,,,,,
2020-01-10,98.08499908447266,,,,,,
2020-01-13,98.05500030517578,,,,,,
2020-01-14,98.08499908447266,,,,,,
2020-01-15,98.0999984741211,,,,,,
2020-01-16,98.09500122070312,,,,,,
2020-01-17,98.05999755859375,,,,,,
2020-01-21,98.11499786376953,,,,,,
2020-01-22,98.11499786376953,,,,,,
2020-01-23,98.16000366210938,,,,,,
2020-01-24,98.23999786376953,98.05500030517578,97.99500274658203,97.93499755859375,97.88500213623047,,
2020-01-27,98.32499694824219,98.13500213623047,98.07499694824219,98.01499938964844,97.96499633789062,,
2020-01-28,98.2750015258789,98.22000122070312,98.16000366210938,98.0999984741211,98.05000305175781,,
2020-01-29,98.32499694824219,98.16999816894531,98.11000061035156,98.05000305175781,98.0,,
2020-01-30,98.37000274658203,98.22000122070312,98.16000366210938,98.0999984741211,98.05000305175781,,
2020-01-31,98.40499877929688,98.26499938964844,98.20500183105469,98.1449966430664,98.09500122070312,,
2020-02-03,98.4000015258789,98.30000305175781,98.23500061035156,98.17500305175781,98.125,,
2020-02-04,98.31999969482422,98.29499816894531,98.2300033569336,98.16999816894531,98.12000274658203,,
2020-02-05,98.26499938964844,98.21499633789062,98.1500015258789,98.08999633789062,98.04000091552734,,
2020-02-06,98.2699966430664,98.16000366210938,98.09500122070312,98.03500366210938,97.98500061035156,,
2020-02-07,98.33499908447266,98.16500091552734,98.0999984741211,98.04000091552734,97.98999786376953,,
2020-02-10,98.36499786376953,98.2300033569336,98.16500091552734,98.1050033569336,98.05500030517578,,
2020-02-11,98.33000183105469,98.26000213623047,98.19499969482422,98.13500213623047,98.08499908447266,,
2020-02-12,98.2750015258789,98.2249984741211,98.16000366210938,98.0999984741211,98.05000305175781,,
2020-02-13,98.30000305175781,98.16999816894531,98.1050033569336,98.04499816894531,97.99500274658203,,
2020-02-14,98.34500122070312,98.19999694824219,98.13500213623047,98.07499694824219,98.0250015258789,,
2020-02-18,98.38500213623047,98.24500274658203,98.18000030517578,98.12000274658203,98.06999969482422,,
2020-02-19,98.375,98.28500366210938,98.22000122070312,98.16000366210938,98.11000061035156,,
2020-02-20,98.42500305175781,98.2750015258789,98.20999908447266,98.1500015258789,98.0999984741211,,
2020-02-21,98.5,98.32499694824219,98.26000213623047,98.19999694824219,98.1500015258789,,
2020-02-24,98.58999633789062,98.4000015258789,98.33499908447266,98.2750015258789,98.2249984741211,,
2020-02-25,98.625,98.48999786376953,98.42500305175781,98.36499786376953,98.31500244140625,,
2020-02-26,98.62999725341797,98.5250015258789,98.45999908447266,98.4000015258789,98.3499984741211,,
2020-02-27,98.61499786376953,98.53500366210938,98.47000122070312,98.41000366210938,98.36000061035156,,
2020-02-28,98.7249984741211,98.5199966430664,98.45500183105469,98.3949966430664,98.34500122070312,,
2020-03-02,98.73999786376953,98.61499786376953,98.55000305175781,98.48999786376953,98.44000244140625,,
2020-03-03,98.83499908447266,98.63500213623047,98.56500244140625,98.50499725341797,98.45500183105469,,
2020-03-04,98.84500122070312,98.7300033569336,98.66000366210938,98.5999984741211,98.55000305175781,,
2020-03-05,98.92500305175781,98.73999786376953,98.66999816894531,98.61000061035156,98.55999755859375,,
2020-03-06,99.125,98.81999969482422,98.75,98.69000244140625,98.63999938964844,,
2020-03-09,99.2750015258789,99.04000091552734,98.97000122070312,98.91000366210938,98.86000061035156,,
2020-03-10,99.0250015258789,99.19000244140625,99.12000274658203,99.05999755859375,99.01000213623047,,
2020-03-11,98.95999908447266,98.94000244140625,98.87000274658203,98.80999755859375,98.76000213623047,,
2020-03-12,98.83000183105469,98.86499786376953,98.7750015258789,98.71499633789062,98.66500091552734,,
2020-03-13,98.70500183105469,98.70500183105469,98.61499786376953,98.53500366210938,98.48999786376953,,
2020-03-16,98.97000122070312,98.58499908447266,98.49500274658203,98.41500091552734,98.37000274658203,,
2020-03-17,98.7699966430664,98.86000061035156,98.7699966430664,98.69000244140625,98.6449966430664,,
2020-03-18,98.59500122070312,98.63999938964844,98.53500366210938,98.44000244140625,98.40499877929688,,
2020-03-19,98.7750015258789,98.45500183105469,98.3499984741211,98.25499725341797,98.22000122070312,,
2020-03-20,99.00499725341797,98.63999938964844,98.53500366210938,98.44000244140625,98.40499877929688,,
2020-03-23,99.1050033569336,98.8550033569336,98.75,98.65499877929688,98.62000274658203,,
2020-03-24,99.0199966430664,98.97000122070312,98.8550033569336,98.76000213623047,98.7249984741211,,
2020-03-25,98.9749984741211,98.88500213623047,98.77999877929688,98.68499755859375,98.6500015258789,,
2020-03-26,99.03500366210938,98.84500122070312,98.74500274658203,98.6500015258789,98.61499786376953,,
2020-03-27,99.08999633789062,98.90499877929688,98.80500030517578,98.71499633789062,98.68000030517578,,
2020-03-30,99.1050033569336,98.96499633789062,98.86000061035156,98.7699966430664,98.73500061035156,,
2020-03-31,99.08000183105469,98.9800033569336,98.875,98.78500366210938,98.75,,
2020-04-01,99.11000061035156,98.94499969482422,98.83999633789062,98.75,98.71499633789062,,
2020-04-02,99.07499694824219,98.96499633789062,98.86000061035156,98.76499938964844,98.7300033569336,,
2020-04-03,99.12000274658203,98.93000030517578,98.82499694824219,98.7300033569336,98.69499969482422,,
2020-04-06,99.03500366210938,98.98500061035156,98.87999725341797,98.78500366210938,98.75,,
2020-04-07,98.97000122070312,98.9000015258789,98.79499816894531,98.69999694824219,98.66500091552734,,
2020-04-08,98.94499969482422,98.83999633789062,98.73500061035156,98.63999938964844,98.6050033569336,,
2020-04-09,98.91999816894531,98.81500244140625,98.70999908447266,98.61499786376953,98.58000183105469,,
2020-04-13,98.90499877929688,98.77999877929688,98.67500305175781,98.58000183105469,98.54499816894531,,
2020-04-14,98.91000366210938,98.75499725341797,98.6500015258789,98.55500030517578,98.5199966430664,,
2020-04-15,99.07499694824219,98.74500274658203,98.6449966430664,98.55000305175781,98.51499938964844,,
2020-04-16,99.0999984741211,98.91500091552734,98.80999755859375,98.71499633789062,98.68000030517578,,
2020-04-17,99.04499816894531,98.94499969482422,98.83999633789062,98.75,98.71499633789062,,
2020-04-20,99.09500122070312,98.88999938964844,98.78500366210938,98.69499969482422,98.66000366210938,,
2020-04-21,99.15499877929688,98.94000244140625,98.83499908447266,98.74500274658203,98.70999908447266,,
2020-04-22,99.11000061035156,99.00499725341797,98.9000015258789,98.80999755859375,98.7750015258789,,
2020-04-23,99.12999725341797,98.95999908447266,98.8550033569336,98.76499938964844,98.7300033569336,,
2020-04-24,99.1449966430664,98.9800033569336,98.875,98.78500366210938,98.75,,
2020-04-27,99.08999633789062,98.99500274658203,98.88999938964844,98.80000305175781,98.76499938964844,,
2020-04-28,99.13500213623047,98.94000244140625,98.83499908447266,98.74500274658203,98.70999908447266,,
2020-04-29,99.125,98.98500061035156,98.87999725341797,98.79000091552734,98.75499725341797,,
2020-04-30,99.13999938964844,98.9749984741211,98.87000274658203,98.77999877929688,98.74500274658203,,
2020-05-01,99.13999938964844,98.98999786376953,98.88999938964844,98.80000305175781,98.76499938964844,,
2020-05-04,99.1500015258789,98.99500274658203,98.8949966430664,98.80500030517578,98.7699966430664,,
2020-05-05,99.125,99.00499725341797,98.90499877929688,98.81500244140625,98.77999877929688,,
2020-05-06,99.08999633789062,98.9800033569336,98.87999725341797,98.79000091552734,98.75499725341797,,
2020-05-07,99.18000030517578,98.93499755859375,98.83000183105469,98.73999786376953,98.70500183105469,,
2020-05-08,99.13999938964844,98.97000122070312,98.86000061035156,98.7699966430664,98.73500061035156,,
2020-05-11,99.1050033569336,98.93000030517578,98.81999969482422,98.7300033569336,98.69499969482422,,
2020-05-12,99.13500213623047,98.95999908447266,98.8499984741211,98.76000213623047,98.7249984741211,,
2020-05-13,99.16999816894531,99.0,98.88999938964844,98.80000305175781,98.76499938964844,,
2020-05-14,99.19499969482422,99.02999877929688,98.91500091552734,98.82499694824219,98.79000091552734,,
2020-05-15,99.1500015258789,98.98500061035156,98.87000274658203,98.77999877929688,98.74500274658203,,
2020-05-18,99.04000091552734,98.86499786376953,98.75,98.66000366210938,98.625,,
2020-05-19,99.08000183105469,98.90499877929688,98.79000091552734,98.69999694824219,98.66500091552734,,
2020-05-20,99.11499786376953,98.94499969482422,98.83000183105469,98.73999786376953,98.70500183105469,,
2020-05-21,99.125,98.95999908447266,98.84500122070312,98.75499725341797,98.72000122070312,,
2020-05-22,99.1449966430664,98.9800033569336,98.86499786376953,98.7750015258789,98.73999786376953,,
2020-05-26,99.125,98.95999908447266,98.84500122070312,98.75499725341797,98.72000122070312,,
2020-05-27,99.13500213623047,98.97000122070312,98.8499984741211,98.76000213623047,98.7249984741211,,
2020-05-28,99.1050033569336,98.94000244140625,98.81999969482422,98.7300033569336,98.69499969482422,,
2020-05-29,99.15499877929688,98.98500061035156,98.86499786376953,98.7750015258789,98.73999786376953,,
2020-06-01,99.13500213623047,98.96499633789062,98.84500122070312,98.75499725341797,98.72000122070312,,
2020-06-02,99.125,98.94499969482422,98.82499694824219,98.73500061035156,98.69999694824219,,
2020-06-03,99.0199966430664,98.83499908447266,98.70999908447266,98.61499786376953,98.58000183105469,,
2020-06-04,98.94499969482422,98.74500274658203,98.62000274658203,98.5250015258789,98.48999786376953,,
2020-06-05,98.82499694824219,98.625,98.5,98.40499877929688,98.37000274658203,,
2020-06-08,98.87000274658203,98.66999816894531,98.54499816894531,98.44999694824219,98.41500091552734,,
2020-06-09,98.94000244140625,98.73999786376953,98.61499786376953,98.5199966430664,98.48500061035156,,
2020-06-10,99.02999877929688,98.83000183105469,98.70500183105469,98.61000061035156,98.57499694824219,,
2020-06-11,99.16000366210938,98.98999786376953,98.87000274658203,98.7750015258789,98.73999786376953,,
2020-06-12,99.11000061035156,98.92500305175781,98.80000305175781,98.70500183105469,98.66999816894531,,
2020-06-15,99.0999984741211,98.91000366210938,98.78500366210938,98.69000244140625,98.65499877929688,,
2020-06-16,99.04499816894531,98.8499984741211,98.72000122070312,98.625,98.58999633789062,,
2020-06-17,99.09500122070312,98.90499877929688,98.7750015258789,98.68000030517578,98.6449966430664,,
2020-06-18,99.1500015258789,98.9800033569336,98.84500122070312,98.75,98.71499633789062,,
2020-06-19,99.12999725341797,98.95500183105469,98.81999969482422,98.72000122070312,98.68499755859375,,
2020-06-22,99.11499786376953,98.94000244140625,98.80500030517578,98.70500183105469,98.66999816894531,,
2020-06-23,99.11000061035156,98.93000030517578,98.79499816894531,98.69499969482422,98.66000366210938,,
2020-06-24,99.12999725341797,98.95999908447266,98.82499694824219,98.7249984741211,98.69000244140625,,
2020-06-25,99.12999725341797,98.95500183105469,98.81999969482422,98.72000122070312,98.68499755859375,,
2020-06-26,99.18000030517578,99.01000213623047,98.87999725341797,98.77999877929688,98.74500274658203,,
2020-06-29,99.20999908447266,99.04000091552734,98.91000366210938,98.80999755859375,98.7750015258789,,
2020-06-30,99.19000244140625,99.01499938964844,98.88500213623047,98.78500366210938,98.75,,
2020-07-01,99.1449966430664,98.96499633789062,98.83499908447266,98.73500061035156,98.69999694824219,,
2020-07-02,99.16500091552734,98.98500061035156,98.8499984741211,98.75,98.71499633789062,,
2020-07-06,99.1500015258789,98.97000122070312,98.83499908447266,98.73500061035156,98.69999694824219,,
2020-07-07,99.19499969482422,99.01499938964844,98.87999725341797,98.77999877929688,98.74500274658203,,
2020-07-08,99.19999694824219,99.0250015258789,98.88999938964844,98.79000091552734,98.75499725341797,,
2020-07-09,99.2300033569336,99.05000305175781,98.91500091552734,98.81500244140625,98.77999877929688,,
2020-07-10,99.18000030517578,99.0,98.86499786376953,98.76499938964844,98.7300033569336,,
2020-07-13,99.18499755859375,99.01499938964844,98.87999725341797,98.77999877929688,98.74500274658203,,
2020-07-14,99.2249984741211,99.05999755859375,98.92500305175781,98.82499694824219,98.79000091552734,,
2020-07-15,99.20999908447266,99.04499816894531,98.91000366210938,98.80999755859375,98.7750015258789,,
2020-07-16,99.23500061035156,99.06999969482422,98.94000244140625,98.83999633789062,98.80500030517578,,
2020-07-17,99.22000122070312,99.05500030517578,98.92500305175781,98.82499694824219,98.79000091552734,,
2020-07-20,99.23500061035156,99.07499694824219,98.94499969482422,98.84500122070312,98.80999755859375,,
2020-07-21,99.23999786376953,99.08000183105469,98.94999694824219,98.8499984741211,98.81500244140625,,
2020-07-22,99.26499938964844,99.0999984741211,98.97000122070312,98.87000274658203,98.83499908447266,,
2020-07-23,99.28500366210938,99.13500213623047,99.01000213623047,98.91000366210938,98.875,,
2020-07-24,99.2750015258789,99.125,99.0,98.9000015258789,98.86499786376953,,
2020-07-27,99.26000213623047,99.1050033569336,98.9800033569336,98.87999725341797,98.84500122070312,,
2020-07-28,99.29000091552734,99.13500213623047,99.01000213623047,98.91000366210938,98.875,,
2020-07-29,99.2750015258789,99.11499786376953,98.98999786376953,98.88999938964844,98.8550033569336,,
2020-07-30,99.31999969482422,99.16000366210938,99.03500366210938,98.93499755859375,98.9000015258789,,
2020-07-31,99.33000183105469,99.17500305175781,99.05000305175781,98.94999694824219,98.91500091552734,,
2020-08-03,99.30000305175781,99.1449966430664,99.0199966430664,98.91999816894531,98.88500213623047,,
2020-08-04,99.375,99.2249984741211,99.0999984741211,99.00499725341797,98.97000122070312,,
2020-08-05,99.34500122070312,99.19000244140625,99.06500244140625,98.97000122070312,98.93499755859375,,
2020-08-06,99.33999633789062,99.17500305175781,99.05000305175781,98.95500183105469,98.91999816894531,,
2020-08-07,99.30000305175781,99.12999725341797,99.00499725341797,98.91000366210938,98.875,,
2020-08-10,99.28500366210938,99.11499786376953,98.98999786376953,98.8949966430664,98.86000061035156,,
2020-08-11,99.20999908447266,99.04000091552734,98.91500091552734,98.81999969482422,98.78500366210938,,
2020-08-12,99.20999908447266,99.02999877929688,98.90499877929688,98.80000305175781,98.76499938964844,,
2020-08-13,99.16999816894531,98.9800033569336,98.84500122070312,98.74500274658203,98.70999908447266,,
2020-08-14,99.1500015258789,98.94999694824219,98.80999755859375,98.70999908447266,98.67500305175781,,
2020-08-17,99.19499969482422,98.99500274658203,98.8550033569336,98.75499725341797,98.72000122070312,,
2020-08-18,99.20500183105469,99.0199966430664,98.87999725341797,98.77999877929688,98.74500274658203,,
2020-08-19,99.20500183105469,99.01499938964844,98.875,98.7750015258789,98.73999786376953,,
2020-08-20,99.23500061035156,99.05000305175781,98.91000366210938,98.80999755859375,98.7750015258789,,
2020-08-21,99.23500061035156,99.05000305175781,98.91000366210938,98.80999755859375,98.7750015258789,,
2020-08-24,99.23999786376953,99.05999755859375,98.91999816894531,98.81999969482422,98.78500366210938,,
2020-08-25,99.19999694824219,99.01499938964844,98.875,98.7750015258789,98.73999786376953,,
2020-08-26,99.20500183105469,99.0199966430664,98.87999725341797,98.77999877929688,98.74500274658203,,
2020-08-27,99.13500213623047,98.93499755859375,98.78500366210938,98.68000030517578,98.6449966430664,,
2020-08-28,99.1500015258789,98.94000244140625,98.79000091552734,98.68499755859375,98.6500015258789,,
2020-08-31,99.16999816894531,98.96499633789062,98.81500244140625,98.71499633789062,98.68000030517578,,
2020-09-01,99.21499633789062,99.01000213623047,98.86000061035156,98.76499938964844,98.7300033569336,,
2020-09-02,99.2249984741211,99.02999877929688,98.87999725341797,98.78500366210938,98.75,,
2020-09-03,99.26499938964844,99.07499694824219,98.92500305175781,98.83000183105469,98.79499816894531,,
2020-09-04,99.13999938964844,98.93499755859375,98.78500366210938,98.68499755859375,98.6500015258789,,
2020-09-08,99.19499969482422,98.99500274658203,98.83999633789062,98.74500274658203,98.70999908447266,,
2020-09-09,99.18499755859375,98.9800033569336,98.82499694824219,98.7300033569336,98.69499969482422,,
2020-09-10,99.19999694824219,98.99500274658203,98.83999633789062,98.74500274658203,98.70999908447266,,
2020-09-11,99.21499633789062,99.00499725341797,98.84500122070312,98.75,98.71499633789062,,
2020-09-14,99.21499633789062,99.00499725341797,98.84500122070312,98.75,98.71499633789062,,
2020-09-15,99.20999908447266,99.0,98.83999633789062,98.74500274658203,98.70999908447266,,
2020-09-16,99.19499969482422,98.9800033569336,98.81999969482422,98.7249984741211,98.69000244140625,,
2020-09-17,99.18499755859375,98.97000122070312,98.80999755859375,98.71499633789062,98.68000030517578,,
2020-09-18,99.16500091552734,98.94499969482422,98.77999877929688,98.68499755859375,98.6500015258789,,
2020-09-21,99.19499969482422,98.98500061035156,98.81999969482422,98.7300033569336,98.69499969482422,,
2020-09-22,99.20500183105469,98.99500274658203,98.83000183105469,98.73999786376953,98.70500183105469,,
2020-09-23,99.19999694824219,98.98999786376953,98.82499694824219,98.73500061035156,98.69999694824219,,
2020-09-24,99.19499969482422,98.98999786376953,98.82499694824219,98.73500061035156,98.69999694824219,,
2020-09-25,99.19999694824219,98.99500274658203,98.83000183105469,98.73999786376953,98.69499969482422,,
2020-09-28,99.19499969482422,98.98999786376953,98.82499694824219,98.73500061035156,98.69000244140625,,
2020-09-29,99.2249984741211,99.0199966430664,98.8550033569336,98.76499938964844,98.72000122070312,,
2020-09-30,99.19000244140625,98.98500061035156,98.81999969482422,98.7300033569336,98.68499755859375,,
2020-10-01,99.19499969482422,98.99500274658203,98.83000183105469,98.73999786376953,98.69499969482422,,
2020-10-02,99.16999816894531,98.97000122070312,98.80500030517578,98.71499633789062,98.66500091552734,,
2020-10-05,99.0999984741211,98.88999938964844,98.7249984741211,98.63500213623047,98.58499908447266,,
2020-10-06,99.125,98.91500091552734,98.74500274658203,98.65499877929688,98.6050033569336,,
2020-10-07,99.06500244140625,98.8499984741211,98.68000030517578,98.58999633789062,98.54000091552734,,
2020-10-08,99.07499694824219,98.86499786376953,98.69499969482422,98.6050033569336,98.55500030517578,,
2020-10-09,99.06500244140625,98.8550033569336,98.68499755859375,98.59500122070312,98.54499816894531,,
2020-10-12,99.07499694824219,98.86499786376953,98.69499969482422,98.6050033569336,98.55500030517578,,
2020-10-13,99.125,98.91999816894531,98.75,98.66000366210938,98.61000061035156,,
2020-10-14,99.12999725341797,98.92500305175781,98.75499725341797,98.66500091552734,98.61499786376953,,
2020-10-15,99.0999984741211,98.8949966430664,98.7249984741211,98.63500213623047,98.58499908447266,,
2020-10-16,99.09500122070312,98.88500213623047,98.71499633789062,98.625,98.57499694824219,,
2020-10-19,99.06500244140625,98.8550033569336,98.68499755859375,98.59500122070312,98.54499816894531,,
2020-10-20,99.01499938964844,98.79000091552734,98.62000274658203,98.52999877929688,98.4800033569336,,
2020-10-21,99.00499725341797,98.7750015258789,98.6050033569336,98.51499938964844,98.46499633789062,,
2020-10-22,98.95999908447266,98.7249984741211,98.55500030517578,98.45999908447266,98.41000366210938,,
2020-10-23,98.97000122070312,98.73999786376953,98.56999969482422,98.4800033569336,98.43000030517578,,
2020-10-26,99.02999877929688,98.80500030517578,98.63500213623047,98.54499816894531,98.49500274658203,,
2020-10-27,99.05999755859375,98.83499908447266,98.66500091552734,98.57499694824219,98.5250015258789,,
2020-10-28,99.04499816894531,98.81500244140625,98.6449966430664,98.55500030517578,98.50499725341797,,
2020-10-29,98.9800033569336,98.73999786376953,98.56500244140625,98.4749984741211,98.42500305175781,,
2020-10-30,98.94999694824219,98.70500183105469,98.52999877929688,98.44000244140625,98.38999938964844,,
2020-11-02,98.98500061035156,98.73999786376953,98.56500244140625,98.4749984741211,98.42500305175781,,
2020-11-03,98.95500183105469,98.70999908447266,98.53500366210938,98.44499969482422,98.3949966430664,,
2020-11-04,99.09500122070312,98.86499786376953,98.69999694824219,98.61000061035156,98.55999755859375,,
2020-11-05,99.08499908447266,98.86000061035156,98.69999694824219,98.61000061035156,98.55999755859375,,
2020-11-06,99.04000091552734,98.80999755859375,98.6500015258789,98.55999755859375,98.51000213623047,,
2020-11-09,98.8550033569336,98.6050033569336,98.43000030517578,98.33499908447266,98.28500366210938,,
2020-11-10,98.83499908447266,98.58000183105469,98.40499877929688,98.30500030517578,98.25499725341797,,
2020-11-11,98.88500213623047,98.63500213623047,98.45999908447266,98.36000061035156,98.30999755859375,,
2020-11-12,98.98999786376953,98.76000213623047,98.58499908447266,98.48500061035156,98.43499755859375,,
2020-11-13,98.9749984741211,98.74500274658203,98.56999969482422,98.47000122070312,98.41999816894531,,
2020-11-16,98.94999694824219,98.71499633789062,98.54000091552734,98.44000244140625,98.38999938964844,,
2020-11-17,99.0,98.7699966430664,98.5999984741211,98.5,98.44999694824219,,
2020-11-18,98.9800033569336,98.75499725341797,98.58499908447266,98.48500061035156,98.43499755859375,,
2020-11-19,99.01000213623047,98.79000091552734,98.625,98.5250015258789,98.4749984741211,,
2020-11-20,99.0250015258789,98.80999755859375,98.6500015258789,98.55000305175781,98.5,,
2020-11-23,98.99500274658203,98.7750015258789,98.61499786376953,98.51499938964844,98.46499633789062,,
2020-11-24,98.97000122070312,98.74500274658203,98.58000183105469,98.4800033569336,98.43000030517578,,
2020-11-25,98.9800033569336,98.75499725341797,98.58999633789062,98.48999786376953,98.44000244140625,,
2020-11-27,99.0250015258789,98.80999755859375,98.65499877929688,98.55500030517578,98.50499725341797,,
2020-11-30,99.0199966430664,98.79499816894531,98.63999938964844,98.54000091552734,98.48999786376953,,
2020-12-01,98.93000030517578,98.69000244140625,98.5250015258789,98.42500305175781,98.375,,
2020-12-02,98.91500091552734,98.66999816894531,98.5,98.4000015258789,98.3499984741211,,
2020-12-03,98.94499969482422,98.69999694824219,98.52999877929688,98.43000030517578,98.37999725341797,,
2020-12-04,98.86499786376953,98.61499786376953,98.43499755859375,98.33499908447266,98.28500366210938,,
2020-12-07,98.93000030517578,98.68499755859375,98.5,98.4000015258789,98.3499984741211,,
2020-12-08,98.95999908447266,98.71499633789062,98.52999877929688,98.43000030517578,98.37999725341797,,
2020-12-09,98.91500091552734,98.65499877929688,98.47000122070312,98.36499786376953,98.31500244140625,,
2020-12-10,98.95500183105469,98.70500183105469,98.5199966430664,98.41500091552734,98.36499786376953,,
2020-12-11,98.98999786376953,98.73999786376953,98.55500030517578,98.44999694824219,98.4000015258789,98.37000274658203,
2020-12-14,98.9800033569336,98.70999908447266,98.5199966430664,98.41999816894531,98.37000274658203,98.33999633789062,
2020-12-15,98.94000244140625,98.66500091552734,98.47000122070312,98.37000274658203,98.31999969482422,98.29000091552734,
2020-12-16,98.94000244140625,98.66999816894531,98.4749984741211,98.37999725341797,98.33000183105469,98.30000305175781,
2020-12-17,98.94000244140625,98.66999816894531,98.4749984741211,98.37999725341797,98.33000183105469,98.30000305175781,
2020-12-18,98.91500091552734,98.6449966430664,98.44000244140625,98.33999633789062,98.29000091552734,98.26000213623047,
2020-12-21,98.91500091552734,98.6449966430664,98.44000244140625,98.33999633789062,98.29000091552734,98.26000213623047,
2020-12-22,98.94000244140625,98.66999816894531,98.46499633789062,98.36499786376953,98.31500244140625,98.28500366210938,
2020-12-23,98.90499877929688,98.62999725341797,98.43000030517578,98.32499694824219,98.2750015258789,98.24500274658203,
2020-12-24,98.91999816894531,98.6500015258789,98.44499969482422,98.33999633789062,98.29000091552734,98.26000213623047,
2020-12-28,98.91999816894531,98.6500015258789,98.44499969482422,98.33499908447266,98.28500366210938,98.25499725341797,
2020-12-29,98.92500305175781,98.65499877929688,98.45500183105469,98.34500122070312,98.29499816894531,98.26499938964844,
2020-12-30,98.94000244140625,98.66000366210938,98.45500183105469,98.34500122070312,98.29499816894531,98.26499938964844,
2020-12-31,98.95999908447266,98.68000030517578,98.4749984741211,98.36499786376953,98.31500244140625,98.28500366210938,
2021-01-04,98.96499633789062,98.68499755859375,98.48500061035156,98.375,98.32499694824219,98.29499816894531,
2021-01-05,98.91500091552734,98.62999725341797,98.41999816894531,98.30000305175781,98.25,98.22000122070312,
2021-01-06,98.82499694824219,98.53500366210938,98.31999969482422,98.19499969482422,98.1449966430664,98.11499786376953,
2021-01-07,98.75499725341797,98.45999908447266,98.2300033569336,98.08999633789062,98.04499816894531,98.01499938964844,
2021-01-08,98.68499755859375,98.3949966430664,98.16999816894531,98.02999877929688,97.98500061035156,97.95500183105469,
2021-01-11,98.63999938964844,98.34500122070312,98.12000274658203,97.9800033569336,97.93499755859375,97.90499877929688,
2021-01-12,98.63500213623047,98.3550033569336,98.13999938964844,98.01000213623047,97.95999908447266,97.93000030517578,
2021-01-13,98.69999694824219,98.42500305175781,98.21499633789062,98.1050033569336,98.04000091552734,98.01499938964844,
2021-01-14,98.66000366210938,98.37000274658203,98.1500015258789,98.0199966430664,97.94999694824219,97.92500305175781,
2021-01-15,98.70999908447266,98.41999816894531,98.19999694824219,98.06999969482422,98.0,97.9749984741211,
2021-01-19,98.7249984741211,98.43499755859375,98.22000122070312,98.09500122070312,98.0250015258789,98.0,
2021-01-20,98.7249984741211,98.44499969482422,98.2300033569336,98.1050033569336,98.03500366210938,98.01000213623047,
2021-01-21,98.69999694824219,98.41000366210938,98.18499755859375,98.05999755859375,97.98500061035156,97.95999908447266,
2021-01-22,98.70500183105469,98.41500091552734,98.19499969482422,98.06999969482422,97.99500274658203,97.97000122070312,
2021-01-25,98.75,98.46499633789062,98.24500274658203,98.12000274658203,98.04499816894531,98.0199966430664,
2021-01-26,98.73999786376953,98.45500183105469,98.23999786376953,98.11499786376953,98.04000091552734,98.01499938964844,
2021-01-27,98.76499938964844,98.4800033569336,98.26499938964844,98.13999938964844,98.06500244140625,98.04000091552734,
2021-01-28,98.70500183105469,98.41999816894531,98.20500183105469,98.08000183105469,98.00499725341797,97.9800033569336,
2021-01-29,98.6500015258789,98.34500122070312,98.12000274658203,97.98999786376953,97.91500091552734,97.88999938964844,
2021-02-01,98.66000366210938,98.36000061035156,98.125,97.98999786376953,97.91500091552734,97.88999938964844,
2021-02-02,98.61499786376953,98.30500030517578,98.06999969482422,97.93000030517578,97.8499984741211,97.82499694824219,
2021-02-03,98.57499694824219,98.25499725341797,98.01499938964844,97.87000274658203,97.78500366210938,97.76000213623047,
2021-02-04,98.56500244140625,98.24500274658203,98.0,97.8550033569336,97.7750015258789,97.75,
2021-02-05,98.52999877929688,98.19499969482422,97.93499755859375,97.7699966430664,97.69999694824219,97.67500305175781,
2021-02-08,98.5199966430664,98.19499969482422,97.94000244140625,97.77999877929688,97.70999908447266,97.68499755859375,
2021-02-09,98.55000305175781,98.2300033569336,97.9749984741211,97.81500244140625,97.74500274658203,97.72000122070312,
2021-02-10,98.56999969482422,98.25,97.99500274658203,97.83499908447266,97.76499938964844,97.73999786376953,
2021-02-11,98.54499816894531,98.2249984741211,97.97000122070312,97.80999755859375,97.73999786376953,97.71499633789062,
2021-02-12,98.48500061035156,98.1500015258789,97.8949966430664,97.73500061035156,97.66000366210938,97.63500213623047,
2021-02-16,98.32499694824219,97.9800033569336,97.70999908447266,97.54000091552734,97.46499633789062,97.44000244140625,
2021-02-17,98.28500366210938,97.94000244140625,97.66999816894531,97.5,97.42500305175781,97.4000015258789,
2021-02-18,98.31999969482422,97.98500061035156,97.70999908447266,97.53500366210938,97.45999908447266,97.43499755859375,
2021-02-19,98.2300033569336,97.91000366210938,97.6500015258789,97.4800033569336,97.40499877929688,97.37999725341797,
2021-02-22,98.22000122070312,97.90499877929688,97.6500015258789,97.4800033569336,97.40499877929688,97.37999725341797,
2021-02-23,98.25,97.92500305175781,97.67500305175781,97.50499725341797,97.43000030517578,97.40499877929688,
2021-02-24,98.23999786376953,97.91999816894531,97.66999816894531,97.5,97.42500305175781,97.4000015258789,
2021-02-25,98.07499694824219,97.7699966430664,97.5199966430664,97.3499984741211,97.2750015258789,97.25,
2021-02-26,98.09500122070312,97.83499908447266,97.625,97.4800033569336,97.40499877929688,97.37999725341797,
2021-03-01,98.12000274658203,97.82499694824219,97.6050033569336,97.45999908447266,97.37999725341797,97.3550033569336,
2021-03-02,98.16999816894531,97.8499984741211,97.61499786376953,97.43499755859375,97.3550033569336,97.33000183105469,
2021-03-03,98.0999984741211,97.80000305175781,97.56999969482422,97.3949966430664,97.31500244140625,97.29000091552734,
2021-03-04,97.99500274658203,97.69000244140625,97.46499633789062,97.29000091552734,97.21499633789062,97.19000244140625,
2021-03-05,98.0,97.69999694824219,97.48500061035156,97.31500244140625,97.24500274658203,97.22000122070312,
2021-03-08,97.94499969482422,97.68000030517578,97.48999786376953,97.33499908447266,97.26499938964844,97.23999786376953,
2021-03-09,98.00499725341797,97.73500061035156,97.55000305175781,97.3949966430664,97.32499694824219,97.30000305175781,
2021-03-10,98.0250015258789,97.75,97.56500244140625,97.41000366210938,97.33999633789062,97.31500244140625,
2021-03-11,98.03500366210938,97.75499725341797,97.56500244140625,97.41000366210938,97.33999633789062,97.31500244140625,
2021-03-12,97.91999816894531,97.62999725341797,97.42500305175781,97.2750015258789,97.20500183105469,97.18000030517578,
2021-03-15,97.94499969482422,97.65499877929688,97.44499969482422,97.29499816894531,97.2249984741211,97.19999694824219,
2021-03-16,97.94999694824219,97.6449966430664,97.43000030517578,97.27999877929688,97.20999908447266,97.18499755859375,
2021-03-17,97.91999816894531,97.56999969482422,97.31500244140625,97.15499877929688,97.08000183105469,97.05500030517578,
2021-03-18,97.82499694824219,97.48999786376953,97.23999786376953,97.08000183105469,97.00499725341797,96.9800033569336,
2021-03-19,97.7699966430664,97.44000244140625,97.19499969482422,97.03500366210938,96.95999908447266,96.93499755859375,
2021-03-22,97.81999969482422,97.49500274658203,97.25499725341797,97.09500122070312,97.0199966430664,96.99500274658203,
2021-03-23,97.87999725341797,97.55500030517578,97.31500244140625,97.15499877929688,97.08000183105469,97.05500030517578,
2021-03-24,97.9000015258789,97.59500122070312,97.37999725341797,97.2300033569336,97.16000366210938,97.13500213623047,
2021-03-25,97.87999725341797,97.56500244140625,97.34500122070312,97.19499969482422,97.125,97.0999984741211,
2021-03-26,97.81999969482422,97.50499725341797,97.29000091552734,97.13999938964844,97.06999969482422,97.04499816894531,
2021-03-29,97.73999786376953,97.43000030517578,97.22000122070312,97.06999969482422,97.0,96.9749984741211,
2021-03-30,97.71499633789062,97.41500091552734,97.22000122070312,97.07499694824219,97.00499725341797,96.9800033569336,
2021-03-31,97.68000030517578,97.37999725341797,97.18499755859375,97.04000091552734,96.97000122070312,96.94499969482422,
2021-04-01,97.73999786376953,97.45500183105469,97.26499938964844,97.125,97.05500030517578,97.02999877929688,
2021-04-05,97.68000030517578,97.3949966430664,97.20500183105469,97.08000183105469,97.01000213623047,96.98500061035156,
2021-04-06,97.79000091552734,97.50499725341797,97.30500030517578,97.18000030517578,97.11000061035156,97.08499908447266,
2021-04-07,97.80999755859375,97.51499938964844,97.31999969482422,97.19499969482422,97.125,97.0999984741211,
2021-04-08,97.87000274658203,97.57499694824219,97.37999725341797,97.25499725341797,97.18499755859375,97.16000366210938,
2021-04-09,97.83499908447266,97.55000305175781,97.3550033569336,97.2300033569336,97.16000366210938,97.13500213623047,
2021-04-12,97.82499694824219,97.54499816894531,97.36000061035156,97.23500061035156,97.16500091552734,97.13999938964844,
2021-04-13,97.91999816894531,97.62999725341797,97.44000244140625,97.30500030517578,97.23500061035156,97.20999908447266,
2021-04-14,97.93000030517578,97.63999938964844,97.44000244140625,97.30500030517578,97.23500061035156,97.20999908447266,
2021-04-15,98.07499694824219,97.79000091552734,97.58499908447266,97.44999694824219,97.37999725341797,97.3550033569336,
2021-04-16,98.02999877929688,97.75,97.55000305175781,97.41500091552734,97.34500122070312,97.31999969482422,
2021-04-19,98.01000213623047,97.7249984741211,97.5250015258789,97.38999938964844,97.31999969482422,97.29499816894531,
2021-04-20,98.04499816894531,97.76000213623047,97.55999755859375,97.42500305175781,97.3550033569336,97.33000183105469,
2021-04-21,98.04000091552734,97.75499725341797,97.55500030517578,97.41999816894531,97.3499984741211,97.32499694824219,
2021-04-22,98.04000091552734,97.75499725341797,97.55500030517578,97.41999816894531,97.3499984741211,97.32499694824219,
2021-04-23,98.01499938964844,97.73500061035156,97.53500366210938,97.4000015258789,97.33000183105469,97.30500030517578,
2021-04-26,98.00499725341797,97.7300033569336,97.52999877929688,97.3949966430664,97.32499694824219,97.30000305175781,
2021-04-27,97.93499755859375,97.66000366210938,97.46499633789062,97.33000183105469,97.26000213623047,97.23500061035156,
2021-04-28,97.92500305175781,97.6449966430664,97.44499969482422,97.30999755859375,97.23999786376953,97.21499633789062,
2021-04-29,97.91000366210938,97.625,97.42500305175781,97.29000091552734,97.22000122070312,97.19499969482422,
2021-04-30,97.91999816894531,97.63500213623047,97.43499755859375,97.30000305175781,97.2300033569336,97.20500183105469,
2021-05-03,97.95500183105469,97.66000366210938,97.45500183105469,97.31999969482422,97.25,97.2249984741211,
2021-05-04,97.9800033569336,97.68499755859375,97.4800033569336,97.33999633789062,97.2699966430664,97.24500274658203,
2021-05-05,98.01000213623047,97.71499633789062,97.50499725341797,97.3550033569336,97.28500366210938,97.26000213623047,
2021-05-06,98.03500366210938,97.74500274658203,97.54000091552734,97.4000015258789,97.33000183105469,97.30500030517578,
2021-05-07,98.05000305175781,97.73999786376953,97.5250015258789,97.38500213623047,97.31500244140625,97.29000091552734,
2021-05-10,98.04000091552734,97.72000122070312,97.49500274658203,97.3550033569336,97.27999877929688,97.25499725341797,
2021-05-11,98.01499938964844,97.69499969482422,97.47000122070312,97.33000183105469,97.25499725341797,97.2300033569336,
2021-05-12,97.91500091552734,97.5999984741211,97.37000274658203,97.2300033569336,97.15499877929688,97.12999725341797,
2021-05-13,97.97000122070312,97.65499877929688,97.42500305175781,97.28500366210938,97.20999908447266,97.18499755859375,
2021-05-14,98.00499725341797,97.69499969482422,97.47000122070312,97.33000183105469,97.25499725341797,97.2300033569336,
2021-05-17,97.99500274658203,97.68499755859375,97.45999908447266,97.31999969482422,97.24500274658203,97.22000122070312,
2021-05-18,97.98999786376953,97.68000030517578,97.45500183105469,97.31500244140625,97.23999786376953,97.21499633789062,
2021-05-19,97.94000244140625,97.62999725341797,97.41500091552734,97.2750015258789,97.19999694824219,97.17500305175781,
2021-05-20,98.00499725341797,97.69499969482422,97.4749984741211,97.33499908447266,97.26000213623047,97.23500061035156,
2021-05-21,97.98999786376953,97.68499755859375,97.47000122070312,97.33000183105469,97.25499725341797,97.2300033569336,
2021-05-24,98.02999877929688,97.7249984741211,97.51000213623047,97.37000274658203,97.29499816894531,97.2699966430664,
2021-05-25,98.08999633789062,97.78500366210938,97.55999755859375,97.41999816894531,97.34500122070312,97.31999969482422,
2021-05-26,98.08000183105469,97.7699966430664,97.54000091552734,97.4000015258789,97.32499694824219,97.30000305175781,
2021-05-27,98.03500366210938,97.72000122070312,97.48999786376953,97.3499984741211,97.2750015258789,97.25,
2021-05-28,98.04000091552734,97.7249984741211,97.49500274658203,97.33499908447266,97.26000213623047,97.23500061035156,
2021-06-01,97.98999786376953,97.68000030517578,97.44999694824219,97.29000091552734,97.21499633789062,97.19000244140625,
2021-06-02,98.0250015258789,97.71499633789062,97.48500061035156,97.32499694824219,97.25,97.2249984741211,
2021-06-03,97.9749984741211,97.67500305175781,97.46499633789062,97.30999755859375,97.23500061035156,97.20999908447266,
2021-06-04,98.08000183105469,97.7699966430664,97.55000305175781,97.3949966430664,97.31999969482422,97.29499816894531,
2021-06-07,98.08999633789062,97.77999877929688,97.55999755859375,97.40499877929688,97.33000183105469,97.30500030517578,
2021-06-08,98.13500213623047,97.83000183105469,97.6050033569336,97.44999694824219,97.375,97.3499984741211,
2021-06-09,98.18499755859375,97.88500213623047,97.66000366210938,97.50499725341797,97.43000030517578,97.40499877929688,
2021-06-10,98.21499633789062,97.92500305175781,97.7249984741211,97.57499694824219,97.5,97.4749984741211,
2021-06-11,98.19000244140625,97.91000366210938,97.70999908447266,97.56999969482422,97.49500274658203,97.47000122070312,
2021-06-14,98.1500015258789,97.87999725341797,97.69000244140625,97.55000305175781,97.4800033569336,97.45500183105469,
2021-06-15,98.16999816894531,97.9000015258789,97.70500183105469,97.56500244140625,97.49500274658203,97.47000122070312,
2021-06-16,98.04499816894531,97.81500244140625,97.65499877929688,97.54499816894531,97.4749984741211,97.44499969482422,
2021-06-17,98.16500091552734,97.95500183105469,97.79499816894531,97.68499755859375,97.61499786376953,97.58499908447266,
2021-06-18,98.23999786376953,98.05500030517578,97.9000015258789,97.79000091552734,97.7300033569336,97.69999694824219,
2021-06-21,98.22000122070312,98.01499938964844,97.83999633789062,97.7300033569336,97.66999816894531,97.63999938964844,
2021-06-22,98.2249984741211,98.0199966430664,97.84500122070312,97.73500061035156,97.67500305175781,97.6449966430664,
2021-06-23,98.19000244140625,97.98500061035156,97.80999755859375,97.69999694824219,97.63999938964844,97.61000061035156,
2021-06-24,98.19000244140625,97.98999786376953,97.81999969482422,97.70999908447266,97.6500015258789,97.62000274658203,
2021-06-25,98.1449966430664,97.94000244140625,97.7750015258789,97.66500091552734,97.5999984741211,97.56999969482422,
2021-06-28,98.19000244140625,98.00499725341797,97.86000061035156,97.75,97.68499755859375,97.65499877929688,
2021-06-29,98.19499969482422,98.01499938964844,97.87000274658203,97.76000213623047,97.69499969482422,97.66500091552734,
2021-06-30,98.23500061035156,98.06999969482422,97.94000244140625,97.83999633789062,97.78500366210938,97.75499725341797,
2021-07-01,98.19000244140625,98.02999877929688,97.90499877929688,97.80500030517578,97.75,97.72000122070312,
2021-07-02,98.25,98.09500122070312,97.97000122070312,97.87000274658203,97.81500244140625,97.78500366210938,
2021-07-06,98.34500122070312,98.18499755859375,98.05500030517578,97.95500183105469,97.9000015258789,97.87000274658203,
2021-07-07,98.3949966430664,98.24500274658203,98.11000061035156,98.01000213623047,97.95500183105469,97.92500305175781,
2021-07-08,98.43000030517578,98.26000213623047,98.125,98.0250015258789,97.97000122070312,97.94000244140625,
2021-07-09,98.34500122070312,98.16999816894531,98.02999877929688,97.93000030517578,97.875,97.84500122070312,
2021-07-12,98.3499984741211,98.17500305175781,98.03500366210938,97.93499755859375,97.87999725341797,97.8499984741211,
2021-07-13,98.29499816894531,98.12000274658203,97.97000122070312,97.87000274658203,97.81500244140625,97.78500366210938,
2021-07-14,98.36499786376953,98.19999694824219,98.05999755859375,97.95999908447266,97.90499877929688,97.875,
2021-07-15,98.44000244140625,98.29499816894531,98.16999816894531,98.06500244140625,98.01000213623047,97.9800033569336,
2021-07-16,98.44000244140625,98.29499816894531,98.16999816894531,98.08499908447266,98.03500366210938,98.00499725341797,
2021-07-19,98.61499786376953,98.47000122070312,98.34500122070312,98.26499938964844,98.21499633789062,98.18499755859375,
2021-07-20,98.5999984741211,98.41999816894531,98.26499938964844,98.17500305175781,98.12000274658203,98.08999633789062,
2021-07-21,98.5,98.31500244140625,98.16000366210938,98.05999755859375,98.00499725341797,97.9749984741211,
2021-07-22,98.51000213623047,98.32499694824219,98.16500091552734,98.06500244140625,98.01000213623047,97.9800033569336,
2021-07-23,98.49500274658203,98.30500030517578,98.13999938964844,98.04000091552734,97.98500061035156,97.95500183105469,
2021-07-26,98.50499725341797,98.31999969482422,98.16000366210938,98.05999755859375,98.00499725341797,97.9749984741211,
2021-07-27,98.54000091552734,98.36000061035156,98.20500183105469,98.09500122070312,98.04000091552734,98.01000213623047,
2021-07-28,98.49500274658203,98.32499694824219,98.18000030517578,98.07499694824219,98.0199966430664,97.98999786376953,
2021-07-29,98.48500061035156,98.30500030517578,98.15499877929688,98.05000305175781,97.99500274658203,97.96499633789062,
2021-07-30,98.51499938964844,98.33000183105469,98.17500305175781,98.06999969482422,98.01499938964844,97.98500061035156,
2021-08-02,98.5999984741211,98.41999816894531,98.2699966430664,98.16500091552734,98.11000061035156,98.08000183105469,
2021-08-03,98.6050033569336,98.41999816894531,98.26499938964844,98.16000366210938,98.1050033569336,98.07499694824219,
2021-08-04,98.58000183105469,98.41500091552734,98.2699966430664,98.16500091552734,98.11000061035156,98.08000183105469,
2021-08-05,98.52999877929688,98.375,98.25,98.16000366210938,98.11499786376953,98.08499908447266,
2021-08-06,98.45500183105469,98.29000091552734,98.15499877929688,98.06500244140625,98.0199966430664,97.98999786376953,
2021-08-09,98.40499877929688,98.25,98.12000274658203,98.02999877929688,97.98500061035156,97.95500183105469,
2021-08-10,98.375,98.2249984741211,98.1050033569336,98.01499938964844,97.9749984741211,97.94499969482422,
2021-08-11,98.37000274658203,98.20999908447266,98.08499908447266,97.99500274658203,97.94999694824219,97.91999816894531,
2021-08-12,98.3499984741211,98.19499969482422,98.06999969482422,97.9749984741211,97.93000030517578,97.8949966430664,
2021-08-13,98.43000030517578,98.28500366210938,98.16500091552734,98.06999969482422,98.0250015258789,97.98999786376953,
2021-08-16,98.48500061035156,98.33499908447266,98.21499633789062,98.12000274658203,98.07499694824219,98.04000091552734,
2021-08-17,98.4800033569336,98.33000183105469,98.20999908447266,98.11499786376953,98.06999969482422,98.03500366210938,
2021-08-18,98.45999908447266,98.30000305175781,98.16999816894531,98.07499694824219,98.02999877929688,97.99500274658203,
2021-08-19,98.48999786376953,98.33999633789062,98.22000122070312,98.125,98.08000183105469,98.04499816894531,
2021-08-20,98.46499633789062,98.31500244140625,98.19499969482422,98.0999984741211,98.05500030517578,98.0199966430664,
2021-08-23,98.4800033569336,98.32499694824219,98.20500183105469,98.11000061035156,98.06500244140625,98.02999877929688,
2021-08-24,98.44499969482422,98.27999877929688,98.1500015258789,98.05500030517578,98.01000213623047,97.9749984741211,
2021-08-25,98.37999725341797,98.20999908447266,98.07499694824219,97.9800033569336,97.93499755859375,97.9000015258789,
2021-08-26,98.37000274658203,98.19999694824219,98.06500244140625,97.97000122070312,97.92500305175781,97.88999938964844,
2021-08-27,98.41000366210938,98.23500061035156,98.09500122070312,98.0,97.94999694824219,97.91500091552734,
2021-08-30,98.44999694824219,98.26000213623047,98.1050033569336,98.00499725341797,97.93499755859375,97.9000015258789,
2021-08-31,98.43499755859375,98.23500061035156,98.06999969482422,97.95999908447266,97.88999938964844,97.8550033569336,
2021-09-01,98.43499755859375,98.23999786376953,98.08499908447266,97.9749984741211,97.90499877929688,97.87000274658203,
2021-09-02,98.44499969482422,98.25,98.09500122070312,97.98500061035156,97.91500091552734,97.87999725341797,
2021-09-03,98.41000366210938,98.20999908447266,98.04000091552734,97.92500305175781,97.8550033569336,97.81500244140625,
2021-09-07,98.3550033569336,98.15499877929688,97.98999786376953,97.875,97.80500030517578,97.76499938964844,
2021-09-08,98.38999938964844,98.19999694824219,98.04000091552734,97.92500305175781,97.8550033569336,97.80999755859375,
2021-09-09,98.42500305175781,98.23999786376953,98.08000183105469,97.96499633789062,97.8949966430664,97.8499984741211,
2021-09-10,98.37000274658203,98.17500305175781,98.00499725341797,97.88999938964844,97.81500244140625,97.76499938964844,
2021-09-13,98.38500213623047,98.19499969482422,98.03500366210938,97.91999816894531,97.84500122070312,97.79499816894531,
2021-09-14,98.43000030517578,98.26000213623047,98.11499786376953,98.0,97.92500305175781,97.86499786376953,
2021-09-15,98.4000015258789,98.2249984741211,98.08000183105469,97.96499633789062,97.88999938964844,97.83000183105469,
2021-09-16,98.34500122070312,98.18000030517578,98.04000091552734,97.92500305175781,97.8499984741211,97.79000091552734,
2021-09-17,98.28500366210938,98.11000061035156,97.97000122070312,97.8550033569336,97.77999877929688,97.72000122070312,
2021-09-20,98.36000061035156,98.18499755859375,98.04499816894531,97.93000030517578,97.8550033569336,97.79499816894531,
2021-09-21,98.3550033569336,98.18000030517578,98.04000091552734,97.92500305175781,97.84500122070312,97.77999877929688,
2021-09-22,98.32499694824219,98.19000244140625,98.08499908447266,97.99500274658203,97.93000030517578,97.87999725341797,
2021-09-23,98.23999786376953,98.0999984741211,97.98999786376953,97.9000015258789,97.83499908447266,97.78500366210938,
2021-09-24,98.19499969482422,98.02999877929688,97.91000366210938,97.81999969482422,97.75499725341797,97.70500183105469,
2021-09-27,98.15499877929688,97.98500061035156,97.86000061035156,97.7699966430664,97.70500183105469,97.65499877929688,
2021-09-28,98.09500122070312,97.91000366210938,97.7699966430664,97.67500305175781,97.5999984741211,97.55000305175781,
2021-09-29,98.1050033569336,97.90499877929688,97.75499725341797,97.63500213623047,97.55000305175781,97.48999786376953,
2021-09-30,98.125,97.91999816894531,97.76499938964844,97.6449966430664,97.55999755859375,97.49500274658203,
2021-10-01,98.20999908447266,97.99500274658203,97.82499694824219,97.69499969482422,97.6050033569336,97.53500366210938,
2021-10-04,98.22000122070312,98.01499938964844,97.8499984741211,97.72000122070312,97.62999725341797,97.55999755859375,
2021-10-05,98.16999816894531,97.96499633789062,97.80000305175781,97.66999816894531,97.58000183105469,97.51000213623047,
2021-10-06,98.17500305175781,97.9800033569336,97.81999969482422,97.69000244140625,97.5999984741211,97.52999877929688,
2021-10-07,98.125,97.92500305175781,97.76000213623047,97.62999725341797,97.53500366210938,97.46499633789062,
2021-10-08,98.08000183105469,97.87999725341797,97.70999908447266,97.58000183105469,97.48500061035156,97.41500091552734,
2021-10-11,98.05999755859375,97.875,97.71499633789062,97.58499908447266,97.48999786376953,97.41999816894531,
2021-10-12,98.1050033569336,97.94000244140625,97.80000305175781,97.68000030517578,97.58499908447266,97.51499938964844,
2021-10-13,98.1500015258789,98.01499938964844,97.9000015258789,97.80000305175781,97.71499633789062,97.65499877929688,
2021-10-14,98.19999694824219,98.05999755859375,97.94000244140625,97.83999633789062,97.75499725341797,97.69499969482422,
2021-10-15,98.13500213623047,98.00499725341797,97.88500213623047,97.78500366210938,97.69999694824219,97.63999938964844,
2021-10-18,98.12999725341797,98.0199966430664,97.90499877929688,97.81500244140625,97.73500061035156,97.67500305175781,
2021-10-19,98.09500122070312,97.94999694824219,97.80999755859375,97.69999694824219,97.62000274658203,97.55999755859375,
2021-10-20,98.09500122070312,97.93499755859375,97.78500366210938,97.67500305175781,97.58999633789062,97.5250015258789,
2021-10-21,98.04499816894531,97.8949966430664,97.75,97.63999938964844,97.55500030517578,97.48999786376953,
2021-10-22,98.08000183105469,97.94499969482422,97.80500030517578,97.69499969482422,97.61000061035156,97.54499816894531,
2021-10-25,98.08499908447266,97.94499969482422,97.81999969482422,97.73500061035156,97.65499877929688,97.58999633789062,
2021-10-26,98.08499908447266,97.95500183105469,97.83000183105469,97.74500274658203,97.66500091552734,97.5999984741211,
2021-10-27,98.2249984741211,98.11000061035156,98.0,97.92500305175781,97.86000061035156,97.80000305175781,
2021-10-28,98.23500061035156,98.1050033569336,97.98500061035156,97.90499877929688,97.83499908447266,97.7750015258789,
2021-10-29,98.26499938964844,98.13999938964844,98.0199966430664,97.93499755859375,97.86499786376953,97.80500030517578,
2021-11-01,98.23500061035156,98.1050033569336,97.9800033569336,97.8949966430664,97.82499694824219,97.76499938964844,
2021-11-02,98.22000122070312,98.07499694824219,97.94499969482422,97.86000061035156,97.79000091552734,97.7300033569336,
2021-11-03,98.18499755859375,98.05500030517578,97.92500305175781,97.83999633789062,97.7699966430664,97.70999908447266,
2021-11-04,98.23500061035156,98.08999633789062,97.95500183105469,97.87000274658203,97.80000305175781,97.73999786376953,
2021-11-05,98.32499694824219,98.18499755859375,98.05500030517578,97.96499633789062,97.8949966430664,97.83499908447266,
2021-11-08,98.26000213623047,98.13500213623047,98.02999877929688,97.94000244140625,97.87000274658203,97.80999755859375,
2021-11-09,98.34500122070312,98.2249984741211,98.125,98.04000091552734,97.97000122070312,97.91000366210938,
2021-11-10,98.19499969482422,98.0999984741211,98.03500366210938,97.9800033569336,97.93499755859375,97.90499877929688,
2021-11-11,98.16000366210938,98.06500244140625,98.00499725341797,97.96499633789062,97.92500305175781,97.9000015258789,
2021-11-12,98.16500091552734,98.05999755859375,97.98999786376953,97.94999694824219,97.91000366210938,97.88500213623047,
2021-11-15,98.12999725341797,98.0199966430664,97.94499969482422,97.92500305175781,97.91500091552734,97.90499877929688,
2021-11-16,98.09500122070312,97.98999786376953,97.91000366210938,97.88500213623047,97.875,97.87000274658203,
2021-11-17,98.12000274658203,98.01499938964844,97.93499755859375,97.91000366210938,97.9000015258789,97.8949966430664,
2021-11-18,98.15499877929688,98.05000305175781,97.96499633789062,97.93499755859375,97.92500305175781,97.91999816894531,
2021-11-19,98.21499633789062,98.125,98.03500366210938,98.0,97.98999786376953,97.98500061035156,
2021-11-22,98.0999984741211,98.01499938964844,97.93000030517578,97.8949966430664,97.88500213623047,97.87999725341797,
2021-11-23,98.05500030517578,97.95500183105469,97.86499786376953,97.82499694824219,97.81500244140625,97.80999755859375,
2021-11-24,98.08000183105469,97.99500274658203,97.90499877929688,97.86499786376953,97.8550033569336,97.8499984741211,
2021-11-26,98.25,98.16999816894531,98.08000183105469,98.04000091552734,98.02999877929688,98.0250015258789,
2021-11-29,98.22000122070312,98.12000274658203,97.98999786376953,97.93499755859375,97.87999725341797,97.8499984741211,
2021-11-30,98.30500030517578,98.22000122070312,98.11000061035156,98.05000305175781,97.99500274658203,97.95999908447266,
2021-12-01,98.34500122070312,98.29000091552734,98.19000244140625,98.0999984741211,98.05000305175781,98.01499938964844,
2021-12-02,98.31999969482422,98.2750015258789,98.19999694824219,98.13500213623047,98.08999633789062,98.07499694824219,
2021-12-03,98.43499755859375,98.40499877929688,98.33999633789062,98.28500366210938,98.24500274658203,98.23999786376953,
2021-12-06,98.30000305175781,98.26499938964844,98.19000244140625,98.13999938964844,98.0999984741211,98.0999984741211,
2021-12-07,98.24500274658203,98.22000122070312,98.1500015258789,98.11000061035156,98.08499908447266,98.08499908447266,
2021-12-08,98.2300033569336,98.19999694824219,98.12999725341797,98.08499908447266,98.06500244140625,98.06500244140625,
2021-12-09,98.25499725341797,98.23500061035156,98.16999816894531,98.13500213623047,98.125,98.125,
2021-12-10,98.23999786376953,98.20500183105469,98.1449966430664,98.11000061035156,98.0999984741211,98.0999984741211,
2021-12-13,98.29000091552734,98.26499938964844,98.20999908447266,98.17500305175781,98.16500091552734,98.16500091552734,
2021-12-14,98.2750015258789,98.24500274658203,98.20500183105469,98.16999816894531,98.16999816894531,98.18000030517578,
2021-12-15,98.2750015258789,98.23999786376953,98.20999908447266,98.19499969482422,98.19499969482422,98.22000122070312,
2021-12-16,98.36499786376953,98.31999969482422,98.25,98.2249984741211,98.21499633789062,98.23999786376953,
2021-12-17,98.38500213623047,98.3499984741211,98.28500366210938,98.26499938964844,98.25499725341797,98.2750015258789,
2021-12-20,98.36499786376953,98.30999755859375,98.2249984741211,98.18499755859375,98.16999816894531,98.19000244140625,
2021-12-21,98.2750015258789,98.21499633789062,98.13500213623047,98.08999633789062,98.07499694824219,98.09500122070312,
2021-12-22,98.29000091552734,98.2300033569336,98.16500091552734,98.12999725341797,98.11499786376953,98.13500213623047,
2021-12-23,98.2750015258789,98.20500183105469,98.13999938964844,98.1050033569336,98.08999633789062,98.11000061035156,
2021-12-27,98.27999877929688,98.2249984741211,98.17500305175781,98.13999938964844,98.125,98.1449966430664,
2021-12-28,98.29000091552734,98.23500061035156,98.19999694824219,98.16999816894531,98.15499877929688,98.17500305175781,
2021-12-29,98.2300033569336,98.1500015258789,98.1050033569336,98.07499694824219,98.05999755859375,98.07499694824219,
2021-12-30,98.23999786376953,98.16000366210938,98.11499786376953,98.08499908447266,98.06999969482422,98.08499908447266,
2021-12-31,98.26000213623047,98.18000030517578,98.12999725341797,98.0999984741211,98.08499908447266,98.0999984741211,
2022-01-03,98.12000274658203,98.01499938964844,97.95999908447266,97.93000030517578,97.91500091552734,97.93000030517578,
2022-01-04,98.08000183105469,97.9749984741211,97.91000366210938,97.87000274658203,97.8550033569336,97.87000274658203,
2022-01-05,98.05000305175781,97.94499969482422,97.87999725341797,97.8550033569336,97.83999633789062,97.8550033569336,
2022-01-06,98.00499725341797,97.91000366210938,97.8550033569336,97.83000183105469,97.81500244140625,97.83000183105469,
2022-01-07,97.95500183105469,97.87000274658203,97.83000183105469,97.81500244140625,97.80000305175781,97.80999755859375,
2022-01-10,97.91999816894531,97.8550033569336,97.82499694824219,97.81999969482422,97.81500244140625,97.82499694824219,
2022-01-11,97.9800033569336,97.91000366210938,97.875,97.87000274658203,97.86499786376953,97.875,
2022-01-12,98.0199966430664,97.95500183105469,97.91999816894531,97.91500091552734,97.91000366210938,97.93000030517578,
2022-01-13,98.05000305175781,97.98999786376953,97.94999694824219,97.94499969482422,97.94000244140625,97.95999908447266,
2022-01-14,97.97000122070312,97.91500091552734,97.87000274658203,97.87000274658203,97.87000274658203,97.88999938964844,
2022-01-18,97.84500122070312,97.80500030517578,97.76499938964844,97.76499938964844,97.7699966430664,97.79000091552734,
2022-01-19,97.8949966430664,97.8550033569336,97.81999969482422,97.81999969482422,97.82499694824219,97.84500122070312,
2022-01-20,97.91000366210938,97.87000274658203,97.83499908447266,97.83000183105469,97.83499908447266,97.8550033569336,
2022-01-21,97.9800033569336,97.94000244140625,97.90499877929688,97.9000015258789,97.90499877929688,97.92500305175781,
2022-01-24,98.01499938964844,97.96499633789062,97.92500305175781,97.91500091552734,97.91999816894531,97.94000244140625,
2022-01-25,97.95500183105469,97.9000015258789,97.86000061035156,97.8499984741211,97.8550033569336,97.875,
2022-01-26,97.875,97.82499694824219,97.79499816894531,97.78500366210938,97.79000091552734,97.80999755859375,
2022-01-27,97.94999694824219,97.92500305175781,97.9000015258789,97.88999938964844,97.8949966430664,97.91500091552734,
2022-01-28,98.0,97.97000122070312,97.94000244140625,97.93000030517578,97.93499755859375,97.95500183105469,
2022-01-31,97.99500274658203,97.95999908447266,97.93000030517578,97.91999816894531,97.92500305175781,97.94499969482422,
2022-02-01,97.99500274658203,97.95500183105469,97.91999816894531,97.91000366210938,97.91500091552734,97.93499755859375,
2022-02-02,98.0250015258789,97.98999786376953,97.94999694824219,97.94499969482422,97.94999694824219,97.97000122070312,
2022-02-03,97.95500183105469,97.91999816894531,97.88999938964844,97.9000015258789,97.91500091552734,97.93499755859375,
2022-02-04,97.81999969482422,97.80999755859375,97.79000091552734,97.79000091552734,97.80000305175781,97.81999969482422,
2022-02-07,97.84500122070312,97.82499694824219,97.80500030517578,97.80500030517578,97.81500244140625,97.83499908447266,
2022-02-08,97.80000305175781,97.78500366210938,97.76499938964844,97.76499938964844,97.7750015258789,97.79499816894531,
2022-02-09,97.83000183105469,97.83000183105469,97.81500244140625,97.80500030517578,97.81500244140625,97.83499908447266,
2022-02-10,97.75,97.76000213623047,97.74500274658203,97.73500061035156,97.74500274658203,97.76499938964844,
2022-02-11,97.87999725341797,97.87000274658203,97.8550033569336,97.84500122070312,97.8550033569336,97.875,
2022-02-14,97.83000183105469,97.81999969482422,97.80500030517578,97.80000305175781,97.80999755859375,97.83000183105469,
2022-02-15,97.7750015258789,97.74500274658203,97.72000122070312,97.71499633789062,97.7249984741211,97.74500274658203,
2022-02-16,97.7750015258789,97.73500061035156,97.70999908447266,97.70500183105469,97.71499633789062,97.73500061035156,
2022-02-17,97.86000061035156,97.82499694824219,97.80000305175781,97.79499816894531,97.80500030517578,97.82499694824219,
2022-02-18,97.90499877929688,97.875,97.8499984741211,97.84500122070312,97.8499984741211,97.87000274658203,
2022-02-22,97.9000015258789,97.875,97.86499786376953,97.8550033569336,97.86000061035156,97.87999725341797,
2022-02-23,97.87000274658203,97.83999633789062,97.82499694824219,97.81500244140625,97.81999969482422,97.83999633789062,
2022-02-24,97.87999725341797,97.83000183105469,97.80500030517578,97.79000091552734,97.79499816894531,97.81500244140625,
2022-02-25,97.86000061035156,97.82499694824219,97.79499816894531,97.77999877929688,97.78500366210938,97.80500030517578,
2022-02-28,98.01499938964844,97.97000122070312,97.93499755859375,97.91999816894531,97.92500305175781,97.94499969482422,
2022-03-01,98.20999908447266,98.11499786376953,98.05000305175781,98.02999877929688,98.03500366210938,98.05500030517578,
2022-03-02,98.01499938964844,97.94499969482422,97.90499877929688,97.88500213623047,97.88999938964844,97.91000366210938,
2022-03-03,98.06999969482422,98.0,97.94999694824219,97.93000030517578,97.93499755859375,97.94999694824219,
2022-03-04,98.21499633789062,98.15499877929688,98.08999633789062,98.06500244140625,98.06999969482422,98.08499908447266,
2022-03-07,98.17500305175781,98.13999938964844,98.11000061035156,98.08999633789062,98.09500122070312,98.11000061035156,
2022-03-08,98.05999755859375,98.0250015258789,97.99500274658203,97.9749984741211,97.9800033569336,97.99500274658203,
2022-03-09,97.96499633789062,97.93499755859375,97.90499877929688,97.87999725341797,97.88500213623047,97.9000015258789,
2022-03-10,97.88999938964844,97.86499786376953,97.83000183105469,97.80500030517578,97.80999755859375,97.82499694824219,
2022-03-11,97.87000274658203,97.8550033569336,97.81999969482422,97.79499816894531,97.80000305175781,97.81500244140625,
2022-03-14,97.7249984741211,97.69999694824219,97.66000366210938,97.63500213623047,97.63999938964844,97.65499877929688,
2022-03-15,97.69999694824219,97.67500305175781,97.63500213623047,97.61000061035156,97.61499786376953,97.62999725341797,
2022-03-16,97.65499877929688,97.6500015258789,97.625,97.6050033569336,97.61000061035156,97.625,
2022-03-17,97.71499633789062,97.69000244140625,97.6449966430664,97.625,97.62999725341797,97.6449966430664,
2022-03-18,97.7750015258789,97.76000213623047,97.72000122070312,97.69999694824219,97.70500183105469,97.72000122070312,
2022-03-21,97.5999984741211,97.61000061035156,97.57499694824219,97.55999755859375,97.56500244140625,97.58000183105469,
2022-03-22,97.54000091552734,97.54499816894531,97.51000213623047,97.49500274658203,97.5,97.51499938964844,
2022-03-23,97.58999633789062,97.59500122070312,97.56500244140625,97.55000305175781,97.55500030517578,97.56999969482422,
2022-03-24,97.55000305175781,97.56500244140625,97.54499816894531,97.5199966430664,97.51499938964844,97.5250015258789,
2022-03-25,97.31500244140625,97.37000274658203,97.38999938964844,97.37999725341797,97.37999725341797,97.38999938964844,
2022-03-28,97.36499786376953,97.41999816894531,97.43499755859375,97.40499877929688,97.38999938964844,97.4000015258789,
2022-03-29,97.48500061035156,97.52999877929688,97.5250015258789,97.48999786376953,97.45999908447266,97.46499633789062,
2022-03-30,97.55500030517578,97.6050033569336,97.58499908447266,97.54000091552734,97.51000213623047,97.50499725341797,
2022-03-31,97.61000061035156,97.66999816894531,97.63500213623047,97.58499908447266,97.55000305175781,97.54000091552734,
2022-04-01,97.5199966430664,97.6449966430664,97.62000274658203,97.55500030517578,97.50499725341797,97.4800033569336,
2022-04-04,97.5199966430664,97.625,97.5999984741211,97.53500366210938,97.48500061035156,97.45999908447266,
2022-04-05,97.31500244140625,97.4000015258789,97.42500305175781,97.38999938964844,97.37000274658203,97.36000061035156,
2022-04-06,97.28500366210938,97.33000183105469,97.32499694824219,97.27999877929688,97.24500274658203,97.23500061035156,
2022-04-07,97.26499938964844,97.25499725341797,97.20999908447266,97.13999938964844,97.08999633789062,97.08000183105469,
2022-04-08,97.18499755859375,97.16999816894531,97.12000274658203,97.04499816894531,96.98500061035156,96.96499633789062,
2022-04-11,97.0999984741211,97.05000305175781,96.99500274658203,96.91999816894531,96.86000061035156,96.83999633789062,
2022-04-12,97.19999694824219,97.11499786376953,97.02999877929688,96.93499755859375,96.8499984741211,96.80500030517578,
2022-04-13,97.2300033569336,97.1500015258789,97.06999969482422,96.98999786376953,96.90499877929688,96.86000061035156,
2022-04-14,97.0999984741211,97.0199966430664,96.94000244140625,96.8550033569336,96.7699966430664,96.7249984741211,
2022-04-18,97.05999755859375,96.95999908447266,96.86000061035156,96.75499725341797,96.66500091552734,96.6050033569336,
2022-04-19,96.97000122070312,96.9000015258789,96.81500244140625,96.72000122070312,96.62999725341797,96.56999969482422,
2022-04-20,97.04499816894531,97.00499725341797,96.91999816894531,96.80999755859375,96.7249984741211,96.66000366210938,
2022-04-21,96.94000244140625,96.91999816894531,96.8550033569336,96.75499725341797,96.66999816894531,96.6050033569336,
2022-04-22,97.02999877929688,96.98500061035156,96.9000015258789,96.79000091552734,96.70500183105469,96.63999938964844,
2022-04-25,97.1050033569336,97.07499694824219,96.98500061035156,96.875,96.79000091552734,96.7249984741211,
2022-04-26,97.11499786376953,97.08499908447266,97.0,96.8949966430664,96.80999755859375,96.74500274658203,
2022-04-27,97.08000183105469,97.03500366210938,96.94000244140625,96.82499694824219,96.73500061035156,96.66999816894531,
2022-04-28,96.99500274658203,96.97000122070312,96.875,96.76000213623047,96.66999816894531,96.6050033569336,
2022-04-29,96.98999786376953,96.96499633789062,96.87000274658203,96.76000213623047,96.66999816894531,96.6050033569336,
2022-05-02,96.86499786376953,96.82499694824219,96.7249984741211,96.61499786376953,96.5250015258789,96.45999908447266,
2022-05-03,96.91999816894531,96.87999725341797,96.78500366210938,96.68000030517578,96.58999633789062,96.5250015258789,
2022-05-04,96.9800033569336,96.90499877929688,96.78500366210938,96.66000366210938,96.55999755859375,96.49500274658203,
2022-05-05,96.86000061035156,96.7699966430664,96.62999725341797,96.48500061035156,96.36499786376953,96.28500366210938,
2022-05-06,96.80500030517578,96.69000244140625,96.54000091552734,96.37999725341797,96.24500274658203,96.1500015258789,
2022-05-09,96.87000274658203,96.73999786376953,96.58000183105469,96.41500091552734,96.26499938964844,96.16000366210938,
2022-05-10,96.97000122070312,96.86000061035156,96.69000244140625,96.51499938964844,96.36499786376953,96.25499725341797,
2022-05-11,97.04499816894531,96.95500183105469,96.80500030517578,96.63999938964844,96.48999786376953,96.37999725341797,
2022-05-12,97.12000274658203,97.0199966430664,96.88500213623047,96.7300033569336,96.58000183105469,96.47000122070312,
2022-05-13,97.00499725341797,96.8949966430664,96.76499938964844,96.62000274658203,96.4800033569336,96.3550033569336,
2022-05-16,97.12000274658203,96.98500061035156,96.83000183105469,96.66999816894531,96.52999877929688,96.4000015258789,
2022-05-17,97.01499938964844,96.90499877929688,96.75499725341797,96.59500122070312,96.45500183105469,96.32499694824219,
2022-05-18,97.08499908447266,97.01000213623047,96.875,96.7300033569336,96.58999633789062,96.45999908447266,
2022-05-19,97.11000061035156,97.03500366210938,96.91000366210938,96.76499938964844,96.62999725341797,96.5,
2022-05-20,97.16500091552734,97.0999984741211,96.98500061035156,96.87000274658203,96.75499725341797,96.63999938964844,
2022-05-23,97.08999633789062,97.02999877929688,96.92500305175781,96.80999755859375,96.69499969482422,96.58000183105469,
2022-05-24,97.21499633789062,97.12000274658203,96.9800033569336,96.83000183105469,96.69999694824219,96.58499908447266,
2022-05-25,97.25,97.13999938964844,96.9749984741211,96.81999969482422,96.68499755859375,96.56999969482422,
2022-05-26,97.23500061035156,97.12999725341797,96.94999694824219,96.77999877929688,96.62999725341797,96.51000213623047,
2022-05-27,97.2249984741211,97.13999938964844,96.96499633789062,96.80000305175781,96.6500015258789,96.52999877929688,
2022-05-31,97.1500015258789,97.05000305175781,96.875,96.69999694824219,96.54499816894531,96.42500305175781,
2022-06-01,97.03500366210938,96.97000122070312,96.82499694824219,96.66500091552734,96.51000213623047,96.38999938964844,
2022-06-02,97.07499694824219,97.01499938964844,96.86499786376953,96.70999908447266,96.55500030517578,96.43499755859375,
2022-06-03,97.0250015258789,96.96499633789062,96.81500244140625,96.66000366210938,96.50499725341797,96.38500213623047,
2022-06-06,96.91500091552734,96.86000061035156,96.70999908447266,96.55500030517578,96.4000015258789,96.27999877929688,
2022-06-07,96.99500274658203,96.94999694824219,96.80500030517578,96.65499877929688,96.5,96.37999725341797,
2022-06-08,96.95500183105469,96.90499877929688,96.75499725341797,96.5999984741211,96.44999694824219,96.33000183105469,
2022-06-09,96.94000244140625,96.9000015258789,96.75499725341797,96.5999984741211,96.44999694824219,96.33000183105469,
2022-06-10,96.82499694824219,96.81500244140625,96.68499755859375,96.54499816894531,96.4000015258789,96.27999877929688,
2022-06-13,96.6050033569336,96.58999633789062,96.47000122070312,96.33499908447266,96.19499969482422,96.07499694824219,
2022-06-14,96.49500274658203,96.47000122070312,96.37000274658203,96.25,96.125,96.00499725341797,
2022-06-15,96.59500122070312,96.53500366210938,96.42500305175781,96.30500030517578,96.18499755859375,96.06500244140625,
2022-06-16,96.73999786376953,96.69499969482422,96.54499816894531,96.4000015258789,96.2699966430664,96.1500015258789,
2022-06-17,96.77999877929688,96.75499725341797,96.62000274658203,96.4800033569336,96.3499984741211,96.2300033569336,
2022-06-21,96.7300033569336,96.66999816894531,96.5250015258789,96.37999725341797,96.25,96.12999725341797,
2022-06-22,96.875,96.79000091552734,96.6500015258789,96.51000213623047,96.37999725341797,96.26000213623047,
2022-06-23,96.9800033569336,96.88500213623047,96.75,96.61000061035156,96.4800033569336,96.36000061035156,
2022-06-24,96.9000015258789,96.80000305175781,96.65499877929688,96.51499938964844,96.38500213623047,96.26499938964844,
2022-06-27,96.81999969482422,96.73500061035156,96.5999984741211,96.45999908447266,96.33000183105469,96.20999908447266,
2022-06-28,96.80999755859375,96.70999908447266,96.58000183105469,96.44499969482422,96.31500244140625,96.19499969482422,
2022-06-29,96.92500305175781,96.80000305175781,96.66999816894531,96.54499816894531,96.41500091552734,96.29499816894531,
2022-06-30,97.08999633789062,96.94000244140625,96.79499816894531,96.66000366210938,96.52999877929688,96.41000366210938,
2022-07-01,97.18000030517578,96.98999786376953,96.83499908447266,96.69000244140625,96.55999755859375,96.44000244140625,
2022-07-05,97.27999877929688,97.08999633789062,96.91999816894531,96.76499938964844,96.63500213623047,96.51499938964844,
2022-07-06,97.15499877929688,96.99500274658203,96.83499908447266,96.68000030517578,96.55000305175781,96.43000030517578,
2022-07-07,97.04499816894531,96.875,96.72000122070312,96.56500244140625,96.43499755859375,96.31500244140625,
2022-07-08,96.96499633789062,96.79499816894531,96.63500213623047,96.4800033569336,96.3499984741211,96.2300033569336,
2022-07-11,97.09500122070312,96.94499969482422,96.77999877929688,96.61499786376953,96.4800033569336,96.36000061035156,
2022-07-12,97.13500213623047,96.99500274658203,96.83000183105469,96.66999816894531,96.53500366210938,96.41500091552734,
2022-07-13,97.20999908447266,97.09500122070312,96.94000244140625,96.79000091552734,96.65499877929688,96.53500366210938,
2022-07-14,97.16000366210938,97.04000091552734,96.8949966430664,96.76000213623047,96.625,96.50499725341797,
2022-07-15,97.19000244140625,97.0999984741211,96.95999908447266,96.82499694824219,96.69000244140625,96.56999969482422,
2022-07-18,97.16500091552734,97.08000183105469,96.93499755859375,96.80000305175781,96.66500091552734,96.54499816894531,
2022-07-19,97.1050033569336,97.03500366210938,96.9000015258789,96.76000213623047,96.625,96.50499725341797,
2022-07-20,97.05999755859375,96.9800033569336,96.86000061035156,96.7249984741211,96.58999633789062,96.47000122070312,
2022-07-21,97.2249984741211,97.11499786376953,96.9749984741211,96.83499908447266,96.69999694824219,96.58000183105469,
2022-07-22,97.3550033569336,97.23500061035156,97.08499908447266,96.94000244140625,96.80500030517578,96.68499755859375,
2022-07-25,97.34500122070312,97.20500183105469,97.03500366210938,96.875,96.73500061035156,96.61499786376953,
2022-07-26,97.37000274658203,97.24500274658203,97.06999969482422,96.91000366210938,96.7699966430664,96.6500015258789,
2022-07-27,97.46499633789062,97.31999969482422,97.13500213623047,96.96499633789062,96.81500244140625,96.69499969482422,
2022-07-28,97.54499816894531,97.38999938964844,97.18499755859375,97.01499938964844,96.86000061035156,96.73999786376953,
2022-07-29,97.57499694824219,97.43000030517578,97.23500061035156,97.05999755859375,96.9000015258789,96.77999877929688,
2022-08-01,97.61499786376953,97.4800033569336,97.29499816894531,97.12999725341797,96.97000122070312,96.8499984741211,
2022-08-02,97.40499877929688,97.33499908447266,97.19999694824219,97.06999969482422,96.94000244140625,96.81999969482422,
2022-08-03,97.41000366210938,97.3499984741211,97.20999908447266,97.08499908447266,96.95999908447266,96.8499984741211,
2022-08-04,97.5250015258789,97.44999694824219,97.30000305175781,97.16500091552734,97.02999877929688,96.91999816894531,
2022-08-05,97.33999633789062,97.28500366210938,97.1500015258789,97.0250015258789,96.9000015258789,96.79000091552734,
2022-08-08,97.44000244140625,97.37999725341797,97.23999786376953,97.11499786376953,96.98999786376953,96.87999725341797,
2022-08-09,97.375,97.3499984741211,97.24500274658203,97.13500213623047,97.0,96.90499877929688,
2022-08-10,97.43000030517578,97.37000274658203,97.2300033569336,97.09500122070312,96.95999908447266,96.86000061035156,
2022-08-11,97.33000183105469,97.24500274658203,97.08000183105469,96.91999816894531,96.78500366210938,96.67500305175781,
2022-08-12,97.36000061035156,97.29499816894531,97.13500213623047,96.9749984741211,96.83999633789062,96.7300033569336,
2022-08-15,97.44999694824219,97.38500213623047,97.22000122070312,97.05999755859375,96.92500305175781,96.81500244140625,
2022-08-16,97.41999816894531,97.37999725341797,97.23500061035156,97.08499908447266,96.94999694824219,96.83999633789062,
2022-08-17,97.30500030517578,97.29499816894531,97.15499877929688,97.01499938964844,96.875,96.76499938964844,
2022-08-18,97.30999755859375,97.30000305175781,97.16999816894531,97.02999877929688,96.88500213623047,96.7750015258789,
2022-08-19,97.19499969482422,97.16999816894531,97.03500366210938,96.9000015258789,96.76000213623047,96.6449966430664,
2022-08-22,97.13500213623047,97.12999725341797,97.01000213623047,96.87999725341797,96.74500274658203,96.62999725341797,
2022-08-23,97.09500122070312,97.08999633789062,96.9749984741211,96.84500122070312,96.7300033569336,96.61499786376953,
2022-08-24,97.04000091552734,97.03500366210938,96.90499877929688,96.76499938964844,96.6500015258789,96.53500366210938,
2022-08-25,97.09500122070312,97.11499786376953,96.98999786376953,96.8550033569336,96.73999786376953,96.625,
2022-08-26,97.02999877929688,97.07499694824219,96.96499633789062,96.83999633789062,96.7249984741211,96.61000061035156,
2022-08-29,96.93499755859375,96.95999908447266,96.8550033569336,96.7300033569336,96.61499786376953,96.5,
2022-08-30,96.94000244140625,96.9749984741211,96.88999938964844,96.7750015258789,96.68499755859375,96.59500122070312,
2022-08-31,96.93499755859375,96.93499755859375,96.83999633789062,96.73999786376953,96.6449966430664,96.55500030517578,
2022-09-01,96.79000091552734,96.76499938964844,96.66500091552734,96.55999755859375,96.46499633789062,96.375,
2022-09-02,96.88999938964844,96.8499984741211,96.72000122070312,96.5999984741211,96.5,96.41000366210938,
2022-09-06,96.73999786376953,96.67500305175781,96.55000305175781,96.43000030517578,96.33000183105469,96.23999786376953,
2022-09-07,96.84500122070312,96.7699966430664,96.6449966430664,96.54000091552734,96.45999908447266,96.38999938964844,
2022-09-08,96.81500244140625,96.73999786376953,96.62000274658203,96.51000213623047,96.41999816894531,96.3499984741211,
2022-09-09,96.7750015258789,96.70999908447266,96.6050033569336,96.50499725341797,96.41500091552734,96.3499984741211,
2022-09-12,96.76000213623047,96.67500305175781,96.55500030517578,96.44999694824219,96.3550033569336,96.29499816894531,
2022-09-13,96.68499755859375,96.63500213623047,96.54499816894531,96.45999908447266,96.37999725341797,96.31999969482422,
2022-09-14,96.69999694824219,96.66500091552734,96.57499694824219,96.48999786376953,96.41000366210938,96.3499984741211,
2022-09-15,96.63500213623047,96.61000061035156,96.5,96.41000366210938,96.33000183105469,96.2699966430664,
2022-09-16,96.66999816894531,96.61000061035156,96.4800033569336,96.38500213623047,96.30500030517578,96.24500274658203,
2022-09-19,96.6050033569336,96.56999969482422,96.45999908447266,96.37999725341797,96.30000305175781,96.24500274658203,
2022-09-20,96.5199966430664,96.48500061035156,96.37000274658203,96.29000091552734,96.20999908447266,96.15499877929688,
2022-09-21,96.59500122070312,96.57499694824219,96.45999908447266,96.375,96.29499816894531,96.23999786376953,
2022-09-22,96.37999725341797,96.36499786376953,96.27999877929688,96.19999694824219,96.12000274658203,96.06500244140625,
2022-09-23,96.34500122070312,96.38500213623047,96.33999633789062,96.30000305175781,96.26499938964844,96.2300033569336,
2022-09-26,96.11499786376953,96.16000366210938,96.13500213623047,96.11499786376953,96.08499908447266,96.05500030517578,
2022-09-27,96.06500244140625,96.08000183105469,96.02999877929688,95.98999786376953,95.95999908447266,95.93000030517578,
2022-09-28,96.31999969482422,96.30000305175781,96.20500183105469,96.13500213623047,96.08999633789062,96.05000305175781,
2022-09-29,96.27999877929688,96.25499725341797,96.16000366210938,96.08999633789062,96.04000091552734,96.0,
2022-09-30,96.19499969482422,96.16500091552734,96.08499908447266,96.0250015258789,95.9800033569336,95.94000244140625,
2022-10-03,96.37000274658203,96.36499786376953,96.26000213623047,96.18000030517578,96.12999725341797,96.08999633789062,
2022-10-04,96.48500061035156,96.4800033569336,96.36000061035156,96.26499938964844,96.19999694824219,96.15499877929688,
2022-10-05,96.30500030517578,96.29000091552734,96.19000244140625,96.11499786376953,96.06500244140625,96.0199966430664,
2022-10-06,96.23999786376953,96.2249984741211,96.13999938964844,96.06999969482422,96.0199966430664,95.98999786376953,
2022-10-07,96.18000030517578,96.16500091552734,96.08999633789062,96.0250015258789,95.9749984741211,95.94499969482422,
2022-10-10,96.12999725341797,96.09500122070312,96.0,95.93000030517578,95.875,95.84500122070312,
2022-10-11,96.12999725341797,96.12999725341797,96.04499816894531,95.9800033569336,95.92500305175781,95.8949966430664,
2022-10-12,96.19000244140625,96.17500305175781,96.08499908447266,96.0199966430664,95.96499633789062,95.93499755859375,
2022-10-13,96.19000244140625,96.18499755859375,96.0999984741211,96.03500366210938,95.9749984741211,95.94499969482422,
2022-10-14,96.1449966430664,96.13999938964844,96.05500030517578,95.98999786376953,95.93000030517578,95.9000015258789,
2022-10-17,96.17500305175781,96.15499877929688,96.05000305175781,95.9749984741211,95.91500091552734,95.88500213623047,
2022-10-18,96.19000244140625,96.17500305175781,96.06999969482422,95.99500274658203,95.93499755859375,95.90499877929688,
2022-10-19,96.03500366210938,96.02999877929688,95.93499755859375,95.87000274658203,95.80999755859375,95.77999877929688,
2022-10-20,95.9000015258789,95.9000015258789,95.81500244140625,95.76000213623047,95.70500183105469,95.68000030517578,
2022-10-21,95.9800033569336,95.94000244140625,95.80999755859375,95.70999908447266,95.63999938964844,95.61000061035156,
2022-10-24,95.9749984741211,95.9000015258789,95.76499938964844,95.66000366210938,95.58999633789062,95.55999755859375,
2022-10-25,96.08999633789062,96.04000091552734,95.90499877929688,95.80000305175781,95.7300033569336,95.69999694824219,
2022-10-26,96.16999816894531,96.125,95.99500274658203,95.88999938964844,95.81999969482422,95.79000091552734,
2022-10-27,96.26499938964844,96.19999694824219,96.05500030517578,95.94999694824219,95.87999725341797,95.8499984741211,
2022-10-28,96.13999938964844,96.08499908447266,95.95999908447266,95.8550033569336,95.78500366210938,95.75499725341797,
2022-10-31,96.1050033569336,96.05000305175781,95.93000030517578,95.82499694824219,95.75499725341797,95.7249984741211,
2022-11-01,96.09500122070312,96.05500030517578,95.94999694824219,95.86499786376953,95.79499816894531,95.76499938964844,
2022-11-02,96.1050033569336,96.08499908447266,95.97000122070312,95.88500213623047,95.81500244140625,95.78500366210938,
2022-11-03,96.04499816894531,96.04000091552734,95.95500183105469,95.875,95.80999755859375,95.77999877929688,
2022-11-04,96.05000305175781,96.0250015258789,95.93000030517578,95.84500122070312,95.77999877929688,95.75,
2022-11-07,96.0250015258789,96.01000213623047,95.91999816894531,95.83000183105469,95.76499938964844,95.73500061035156,
2022-11-08,96.11000061035156,96.11499786376953,96.0250015258789,95.91500091552734,95.8499984741211,95.81999969482422,
2022-11-09,96.15499877929688,96.12000274658203,96.0,95.87999725341797,95.80999755859375,95.77999877929688,
2022-11-10,96.5,96.43499755859375,96.30000305175781,96.17500305175781,96.1050033569336,96.07499694824219,
2022-11-11,96.54000091552734,96.46499633789062,96.32499694824219,96.19000244140625,96.11499786376953,96.08499908447266,
2022-11-14,96.49500274658203,96.41500091552734,96.2750015258789,96.13999938964844,96.06500244140625,96.03500366210938,
2022-11-15,96.58499908447266,96.48999786376953,96.3499984741211,96.21499633789062,96.13999938964844,96.11000061035156,
2022-11-16,96.69999694824219,96.61499786376953,96.47000122070312,96.33999633789062,96.26499938964844,96.23500061035156,
2022-11-17,96.625,96.55500030517578,96.41500091552734,96.28500366210938,96.20999908447266,96.18000030517578,
2022-11-18,96.54499816894531,96.4800033569336,96.34500122070312,96.21499633789062,96.13999938964844,96.11000061035156,
2022-11-21,96.5199966430664,96.4749984741211,96.3550033569336,96.23500061035156,96.16000366210938,96.12999725341797,
2022-11-22,96.5999984741211,96.55500030517578,96.44999694824219,96.33499908447266,96.26000213623047,96.2300033569336,
2022-11-23,96.63999938964844,96.625,96.5199966430664,96.40499877929688,96.33000183105469,96.30000305175781,
2022-11-25,96.66000366210938,96.6449966430664,96.53500366210938,96.41999816894531,96.34500122070312,96.31500244140625,
2022-11-28,96.66500091552734,96.65499877929688,96.55000305175781,96.43499755859375,96.36000061035156,96.33000183105469,
2022-11-29,96.65499877929688,96.625,96.50499725341797,96.38999938964844,96.31500244140625,96.28500366210938,
2022-11-30,96.74500274658203,96.69000244140625,96.54000091552734,96.41999816894531,96.34500122070312,96.31500244140625,
2022-12-01,96.91000366210938,96.8499984741211,96.69999694824219,96.58000183105469,96.50499725341797,96.4749984741211,
2022-12-02,96.9800033569336,96.90499877929688,96.74500274658203,96.625,96.55000305175781,96.5199966430664,
2022-12-05,96.84500122070312,96.78500366210938,96.6449966430664,96.5250015258789,96.44999694824219,96.41999816894531,
2022-12-06,96.91500091552734,96.87000274658203,96.73999786376953,96.62000274658203,96.54499816894531,96.51499938964844,
2022-12-07,97.0199966430664,96.9800033569336,96.8499984741211,96.7300033569336,96.65499877929688,96.625,
2022-12-08,96.9000015258789,96.8499984741211,96.73500061035156,96.62000274658203,96.54499816894531,96.51499938964844,
2022-12-09,96.82499694824219,96.76499938964844,96.6449966430664,96.52999877929688,96.45500183105469,96.42500305175781,
2022-12-12,96.7750015258789,96.7300033569336,96.61000061035156,96.49500274658203,96.41999816894531,96.38999938964844,
2022-12-13,96.87999725341797,96.83499908447266,96.70999908447266,96.59500122070312,96.5199966430664,96.48999786376953,
2022-12-14,96.88999938964844,96.83999633789062,96.70999908447266,96.59500122070312,96.5199966430664,96.48999786376953,
2022-12-15,96.93000030517578,96.8949966430664,96.7699966430664,96.65499877929688,96.58000183105469,96.55000305175781,
2022-12-16,96.91500091552734,96.86000061035156,96.70500183105469,96.58999633789062,96.51499938964844,96.48500061035156,96.40499877929688
2022-12-19,96.83499908447266,96.7699966430664,96.62000274658203,96.49500274658203,96.41999816894531,96.38999938964844,96.30999755859375
2022-12-20,96.75,96.6449966430664,96.48500061035156,96.3550033569336,96.27999877929688,96.25,96.16999816894531
2022-12-21,96.72000122070312,96.5999984741211,96.44999694824219,96.31999969482422,96.24500274658203,96.21499633789062,96.13500213623047
2022-12-22,96.70999908447266,96.61000061035156,96.47000122070312,96.34500122070312,96.2699966430664,96.23999786376953,96.16000366210938
2022-12-23,96.625,96.55999755859375,96.43499755859375,96.31500244140625,96.23999786376953,96.20999908447266,96.12999725341797
2022-12-27,96.52999877929688,96.4800033569336,96.3499984741211,96.2300033569336,96.15499877929688,96.125,96.04499816894531
2022-12-28,96.49500274658203,96.41500091552734,96.2750015258789,96.1449966430664,96.06999969482422,96.04000091552734,95.95999908447266
2022-12-29,96.5199966430664,96.44000244140625,96.32499694824219,96.19999694824219,96.125,96.09500122070312,96.01499938964844
2022-12-30,96.55999755859375,96.4800033569336,96.36000061035156,96.23999786376953,96.16500091552734,96.13500213623047,96.05500030517578
2023-01-03,96.5999984741211,96.5250015258789,96.41999816894531,96.30999755859375,96.23500061035156,96.20500183105469,96.11499786376953
2023-01-04,96.69999694824219,96.62999725341797,96.5250015258789,96.41000366210938,96.33499908447266,96.30500030517578,96.21499633789062
2023-01-05,96.68499755859375,96.62999725341797,96.53500366210938,96.42500305175781,96.3499984741211,96.31999969482422,96.2300033569336
2023-01-06,96.8949966430664,96.81500244140625,96.69499969482422,96.58000183105469,96.50499725341797,96.47000122070312,96.37999725341797
2023-01-09,96.93000030517578,96.86000061035156,96.74500274658203,96.625,96.55000305175781,96.51499938964844,96.42500305175781
2023-01-10,96.83499908447266,96.75499725341797,96.62999725341797,96.51000213623047,96.43499755859375,96.4000015258789,96.30999755859375
2023-01-11,96.9000015258789,96.81500244140625,96.68499755859375,96.56500244140625,96.48999786376953,96.45500183105469,96.36499786376953
2023-01-12,97.0250015258789,96.94999694824219,96.80000305175781,96.66500091552734,96.56500244140625,96.52999877929688,96.44000244140625
2023-01-13,96.97000122070312,96.8949966430664,96.7699966430664,96.63999938964844,96.54000091552734,96.50499725341797,96.41500091552734
2023-01-17,96.96499633789062,96.875,96.7300033569336,96.59500122070312,96.49500274658203,96.45999908447266,96.37000274658203
2023-01-18,97.1449966430664,97.04000091552734,96.88500213623047,96.7300033569336,96.62999725341797,96.58499908447266,96.49500274658203
2023-01-19,97.0999984741211,96.99500274658203,96.8499984741211,96.69999694824219,96.5999984741211,96.55500030517578,96.46499633789062
2023-01-20,96.99500274658203,96.88999938964844,96.75499725341797,96.61000061035156,96.51000213623047,96.46499633789062,96.375
2023-01-23,96.93000030517578,96.8499984741211,96.72000122070312,96.57499694824219,96.47000122070312,96.41999816894531,96.33000183105469
2023-01-24,96.98999786376953,96.91999816894531,96.79499816894531,96.6500015258789,96.54499816894531,96.49500274658203,96.40499877929688
2023-01-25,96.98500061035156,96.91999816894531,96.79499816894531,96.6500015258789,96.54499816894531,96.49500274658203,96.40499877929688
2023-01-26,96.94000244140625,96.875,96.76499938964844,96.63500213623047,96.52999877929688,96.4800033569336,96.38999938964844
2023-01-27,96.8949966430664,96.82499694824219,96.71499633789062,96.58499908447266,96.4800033569336,96.43000030517578,96.33999633789062
2023-01-30,96.82499694824219,96.7699966430664,96.67500305175781,96.55000305175781,96.44499969482422,96.3949966430664,96.30500030517578
2023-01-31,96.9000015258789,96.82499694824219,96.70999908447266,96.58000183105469,96.4749984741211,96.42500305175781,96.33499908447266
2023-02-01,97.05500030517578,96.96499633789062,96.83499908447266,96.70500183105469,96.57499694824219,96.5250015258789,96.43499755859375
2023-02-02,97.05000305175781,96.95500183105469,96.81500244140625,96.67500305175781,96.54499816894531,96.48999786376953,96.4000015258789
2023-02-03,96.86000061035156,96.80000305175781,96.69999694824219,96.57499694824219,96.45500183105469,96.4000015258789,96.30999755859375
2023-02-06,96.73500061035156,96.69999694824219,96.61499786376953,96.5,96.37999725341797,96.32499694824219,96.23500061035156
2023-02-07,96.70999908447266,96.67500305175781,96.58499908447266,96.4749984741211,96.3550033569336,96.30000305175781,96.20999908447266
2023-02-08,96.74500274658203,96.70500183105469,96.6050033569336,96.49500274658203,96.375,96.31999969482422,96.2300033569336
2023-02-09,96.66999816894531,96.66000366210938,96.58000183105469,96.4749984741211,96.3550033569336,96.30000305175781,96.20999908447266
2023-02-10,96.625,96.6050033569336,96.5199966430664,96.41000366210938,96.29000091552734,96.23500061035156,96.1449966430664
2023-02-13,96.61499786376953,96.61499786376953,96.54499816894531,96.44000244140625,96.31999969482422,96.26499938964844,96.17500305175781
2023-02-14,96.5250015258789,96.57499694824219,96.5250015258789,96.44499969482422,96.33499908447266,96.27999877929688,96.19000244140625
2023-02-15,96.47000122070312,96.52999877929688,96.47000122070312,96.37999725341797,96.2699966430664,96.21499633789062,96.125
2023-02-16,96.44999694824219,96.5,96.43499755859375,96.33999633789062,96.2300033569336,96.17500305175781,96.08499908447266
2023-02-17,96.4800033569336,96.5199966430664,96.45500183105469,96.36000061035156,96.25,96.19499969482422,96.1050033569336
2023-02-21,96.33000183105469,96.36499786376953,96.30500030517578,96.20999908447266,96.0999984741211,96.04499816894531,95.95500183105469
2023-02-22,96.34500122070312,96.37999725341797,96.33000183105469,96.24500274658203,96.13500213623047,96.08000183105469,95.98999786376953
2023-02-23,96.38999938964844,96.43499755859375,96.38500213623047,96.29499816894531,96.18499755859375,96.12999725341797,96.04000091552734
2023-02-24,96.2699966430664,96.36499786376953,96.33499908447266,96.24500274658203,96.13500213623047,96.08000183105469,95.98999786376953
2023-02-27,96.33499908447266,96.43499755859375,96.38999938964844,96.28500366210938,96.17500305175781,96.12000274658203,96.02999877929688
2023-02-28,96.33999633789062,96.44000244140625,96.3949966430664,96.28500366210938,96.17500305175781,96.12000274658203,96.02999877929688
2023-03-01,96.2249984741211,96.34500122070312,96.30999755859375,96.19999694824219,96.08999633789062,96.03500366210938,95.94499969482422
2023-03-02,96.13500213623047,96.23999786376953,96.19999694824219,96.09500122070312,95.98500061035156,95.93000030517578,95.83999633789062
2023-03-03,96.22000122070312,96.33499908447266,96.31500244140625,96.22000122070312,96.11000061035156,96.05500030517578,95.96499633789062
2023-03-06,96.2300033569336,96.34500122070312,96.31500244140625,96.22000122070312,96.11000061035156,96.05500030517578,95.96499633789062
2023-03-07,96.2300033569336,96.38999938964844,96.37999725341797,96.29499816894531,96.18499755859375,96.12999725341797,96.04000091552734
2023-03-08,96.2249984741211,96.37999725341797,96.3949966430664,96.30999755859375,96.20500183105469,96.1500015258789,96.05999755859375
2023-03-09,96.33999633789062,96.41500091552734,96.36499786376953,96.26499938964844,96.16000366210938,96.1050033569336,96.01499938964844
2023-03-10,96.5250015258789,96.62000274658203,96.56999969482422,96.46499633789062,96.36000061035156,96.30500030517578,96.21499633789062
2023-03-13,96.55999755859375,96.62999725341797,96.56500244140625,96.48500061035156,96.37999725341797,96.32499694824219,96.23500061035156
2023-03-14,96.41999816894531,96.54499816894531,96.48500061035156,96.41000366210938,96.30500030517578,96.25,96.16000366210938
2023-03-15,96.51499938964844,96.62999725341797,96.59500122070312,96.51000213623047,96.40499877929688,96.3499984741211,96.26000213623047
2023-03-16,96.43499755859375,96.5250015258789,96.5199966430664,96.44499969482422,96.33999633789062,96.2750015258789,96.17500305175781
2023-03-17,96.69000244140625,96.7300033569336,96.69499969482422,96.61000061035156,96.5250015258789,96.45999908447266,96.36000061035156
2023-03-20,96.5999984741211,96.61499786376953,96.58499908447266,96.5199966430664,96.44499969482422,96.38500213623047,96.28500366210938
2023-03-21,96.51000213623047,96.54000091552734,96.51000213623047,96.4749984741211,96.41000366210938,96.36000061035156,96.26000213623047
2023-03-22,96.70999908447266,96.68499755859375,96.58499908447266,96.52999877929688,96.46499633789062,96.41500091552734,96.31500244140625
2023-03-23,96.87000274658203,96.80500030517578,96.68000030517578,96.59500122070312,96.51499938964844,96.46499633789062,96.36499786376953
2023-03-24,96.875,96.82499694824219,96.72000122070312,96.63500213623047,96.55500030517578,96.50499725341797,96.40499877929688
2023-03-27,96.74500274658203,96.69499969482422,96.59500122070312,96.51499938964844,96.43499755859375,96.38500213623047,96.28500366210938
2023-03-28,96.69499969482422,96.65499877929688,96.56500244140625,96.48500061035156,96.40499877929688,96.3550033569336,96.25499725341797
2023-03-29,96.69499969482422,96.66999816894531,96.57499694824219,96.49500274658203,96.41500091552734,96.36499786376953,96.26499938964844
2023-03-30,96.73999786376953,96.72000122070312,96.61000061035156,96.5199966430664,96.44000244140625,96.38999938964844,96.29000091552734
2023-03-31,96.80500030517578,96.78500366210938,96.66999816894531,96.55999755859375,96.4749984741211,96.42500305175781,96.32499694824219
2023-04-03,96.8949966430664,96.84500122070312,96.7249984741211,96.61499786376953,96.52999877929688,96.4800033569336,96.37999725341797
2023-04-04,97.0250015258789,96.95500183105469,96.81999969482422,96.69000244140625,96.59500122070312,96.54000091552734,96.44000244140625
2023-04-05,97.04499816894531,96.96499633789062,96.84500122070312,96.7249984741211,96.62999725341797,96.57499694824219,96.4749984741211
2023-04-06,97.05500030517578,96.9800033569336,96.86000061035156,96.73999786376953,96.6449966430664,96.58999633789062,96.48999786376953
2023-04-10,96.88500213623047,96.8499984741211,96.7300033569336,96.61000061035156,96.51499938964844,96.45999908447266,96.36000061035156
2023-04-11,96.84500122070312,96.83499908447266,96.73500061035156,96.62000274658203,96.5250015258789,96.47000122070312,96.37000274658203
2023-04-12,96.93000030517578,96.88500213623047,96.75499725341797,96.625,96.52999877929688,96.47000122070312,96.37000274658203
2023-04-13,96.88999938964844,96.82499694824219,96.69999694824219,96.56999969482422,96.4749984741211,96.41500091552734,96.31500244140625
2023-04-14,96.79000091552734,96.73999786376953,96.62999725341797,96.51499938964844,96.41999816894531,96.36000061035156,96.26000213623047
2023-04-17,96.79000091552734,96.73999786376953,96.62999725341797,96.51499938964844,96.41999816894531,96.36000061035156,
